task,workflow,feature_count,hyperparameter,value
stability,LGBMClassifier-Top20,20,n_estimators,366
stability,LGBMClassifier-Top20,20,num_leaves,41
stability,LGBMClassifier-Top20,20,max_depth,8
stability,LGBMClassifier-Top20,20,learning_rate,0.11924298787315482
stability,LGBMClassifier-Top20,20,min_child_samples,17
stability,LGBMClassifier-Top20,20,subsample,0.7677410569512203
stability,LGBMClassifier-Top20,20,colsample_bytree,0.6129060704330541
stability,LGBMClassifier-Top20,20,reg_alpha,1.173187952254812
stability,LGBMClassifier-Top20,20,reg_lambda,2.1575177966061365
stability,LGBMClassifier-Top20,20,class_weight,balanced
stability,LGBMClassifier-Top20,20,random_state,42
stability,LGBMClassifier-Top20,20,n_jobs,4
stability,LGBMClassifier-Top20,20,verbosity,-1
direct,RandomForestClassifier-Top15,15,n_estimators,334
direct,RandomForestClassifier-Top15,15,max_depth,30
direct,RandomForestClassifier-Top15,15,max_features,0.5
direct,RandomForestClassifier-Top15,15,min_samples_split,8
direct,RandomForestClassifier-Top15,15,min_samples_leaf,1
direct,RandomForestClassifier-Top15,15,class_weight,balanced
direct,RandomForestClassifier-Top15,15,random_state,42
direct,RandomForestClassifier-Top15,15,n_jobs,4
direct,RandomForestClassifier-Top15,15,bootstrap,True
direct,RandomForestClassifier-Top15,15,criterion,gini
gap,ExtraTreesRegressor-Top20,20,n_estimators,307
gap,ExtraTreesRegressor-Top20,20,max_depth,24
gap,ExtraTreesRegressor-Top20,20,min_samples_split,2
gap,ExtraTreesRegressor-Top20,20,min_samples_leaf,1
gap,ExtraTreesRegressor-Top20,20,max_features,1.0
gap,ExtraTreesRegressor-Top20,20,bootstrap,False
gap,ExtraTreesRegressor-Top20,20,criterion,squared_error
gap,ExtraTreesRegressor-Top20,20,random_state,42
gap,ExtraTreesRegressor-Top20,20,n_jobs,4
