public_file,source_path,source_filename,derivation,rows,columns,sha256,status
01_training_data/stability_training_1144.csv,E:\研阶段\毕业-机器学习部分\预测稳定性\03_特征构建数据集\03_稳定性训练宽表_28维加标签.csv | E:\研阶段\毕业-机器学习部分\预测稳定性\02_清洗后数据\03_稳定性最终训练样本.csv,03_稳定性训练宽表_28维加标签.csv | 03_稳定性最终训练样本.csv,provenance_join_by_functional_group; descriptor_values_unchanged; original_NaN_preserved,1144,60,6090f45b395fc16635ca88fe0e057085f7c1824dcbbab462fc8f16189942b8f3,PASS
01_training_data/direct_training_884.csv,E:\研阶段\毕业-机器学习部分\预测直接间接带隙\16_Direct_clean28_alias_removed_OFFICIAL\00_协议与输入核验\training_884_clean28.csv | E:\研阶段\毕业-机器学习部分\预测直接间接带隙\01_源数据集\原始数据\mp_all_A2BBX6_dataset_best_per_formula.csv,training_884_clean28.csv | mp_all_A2BBX6_dataset_best_per_formula.csv,provenance_join_by_functional_group; clean28_descriptor_values_unchanged,884,53,a6440a0fad994e845f2b7c509c20a90556193a9c2a516369b4ea11adaa3e7711,PASS
01_training_data/reference_gap_training_680.csv,E:\研阶段\毕业-机器学习部分\预测带隙\12_带隙回归完整严格嵌套选择_MAEonly_OFFICIAL_canonical680\01_输入核验\00_reference_gap_training_canonical680.csv,00_reference_gap_training_canonical680.csv,copied_and_column_normalized; canonical680_only; no_value_recomputation,680,46,a88adcc8c75a513c97d9ed2db658e335eb9970f7ab31b63ed513484fc380688e,PASS
02_validation/stability_nested_oof.csv,E:\研阶段\毕业-机器学习部分\预测稳定性\12_稳定性协议统一_OFFICIAL_StratifiedGroupKFold\03_严格OOF评估与核验\02_严格OOF结果\01_nested_selection_oof_predictions.csv,01_nested_selection_oof_predictions.csv,copied_and_column_normalized; predictions_unchanged,1144,5,7fc22a6effcbf7eb7029c192f1a935f6b1ea387cc61e286eb89044bd0a337fcb,PASS
02_validation/direct_nested_oof.csv,E:\研阶段\毕业-机器学习部分\预测直接间接带隙\16_Direct_clean28_alias_removed_OFFICIAL\03_严格OOF评估与核验\01_nested_selection_oof_predictions.csv,01_nested_selection_oof_predictions.csv,copied_and_column_normalized; predictions_unchanged,884,5,efa34395e05471987bef1a9b8e837bf80093fef4a83a2a353b0148b3236265a2,PASS
02_validation/gap_nested_oof.csv,E:\研阶段\毕业-机器学习部分\预测带隙\12_带隙回归完整严格嵌套选择_MAEonly_OFFICIAL_canonical680\03_严格OOF结果\01_nested_selection_oof_predictions.csv,01_nested_selection_oof_predictions.csv,copied_and_column_normalized; residual=E_g_ML_oof-E_g_ref; predictions_unchanged,680,8,fb015284a8122508e4a48c927e42b27001622737ecc6d1f613f77e2f7fcba545,PASS
02_validation/validation_summary.csv,E:\研阶段\毕业-机器学习部分\JMCA_Zenodo_v1.0\machine_learning\02_validation\stability_nested_oof.csv | E:\研阶段\毕业-机器学习部分\JMCA_Zenodo_v1.0\machine_learning\02_validation\direct_nested_oof.csv | E:\研阶段\毕业-机器学习部分\JMCA_Zenodo_v1.0\machine_learning\02_validation\gap_nested_oof.csv | D:\texlive\NJC\投稿-1\JMCA_clean_v1\JMCA_clean_latestML\main.pdf | D:\texlive\NJC\投稿-1\JMCA_clean_v1\JMCA_clean_latestML\SI\si.pdf,stability_nested_oof.csv | direct_nested_oof.csv | gap_nested_oof.csv | main.pdf | si.pdf,metrics_recomputed_from_public_OOF; threshold=0.50_for_F1,11,6,5dcd44bd6f89906094f6ef3e4bb223854f999f81e340cb45c5438c470cb3763b,PASS
03_screening/screening_12513.csv,E:\研阶段\毕业-机器学习部分\预测稳定性\12_稳定性协议统一_OFFICIAL_StratifiedGroupKFold\05_候选稳定性预测\01_candidate_Sstable_predictions_all_12513.csv | E:\研阶段\毕业-机器学习部分\预测直接间接带隙\16_Direct_clean28_alias_removed_OFFICIAL\05_新稳定性候选直接带隙预测\01_candidate_Sdirect_predictions_1914.csv | E:\研阶段\毕业-机器学习部分\预测直接间接带隙\16_Direct_clean28_alias_removed_OFFICIAL\08_锁定Gap模型下游筛选\01_candidate_EgML_predictions.csv | E:\研阶段\毕业-机器学习部分\预测直接间接带隙\16_Direct_clean28_alias_removed_OFFICIAL\08_锁定Gap模型下游筛选\02b_exact_training_overlap_audit.csv,01_candidate_Sstable_predictions_all_12513.csv | 01_candidate_Sdirect_predictions_1914.csv | 01_candidate_EgML_predictions.csv | 02b_exact_training_overlap_audit.csv,left_join_by_formula; Boolean_stage_flags_derived_from_locked_scores_and_prespecified_thresholds; no_prediction_recomputation,12513,16,de37be49f7ef7b8907f036758e659fab82c7d1f9032647ea9a7522a37aeda6fc,PASS
03_screening/screening_counts.csv,E:\研阶段\毕业-机器学习部分\JMCA_Zenodo_v1.0\machine_learning\03_screening\screening_12513.csv,screening_12513.csv,stage_counts_derived_from_screening_12513,7,2,c57b1cdc88b6f67c478685d8b2f917fa509b0fe534d55dd9e1cc3221371cc628,PASS
03_screening/training_overlap_audit_35.csv,E:\研阶段\毕业-机器学习部分\预测直接间接带隙\16_Direct_clean28_alias_removed_OFFICIAL\08_锁定Gap模型下游筛选\02b_exact_training_overlap_audit.csv,02b_exact_training_overlap_audit.csv,copied_and_column_normalized; overlap_flags_unchanged,35,15,50d4214b7cb43b5ed7ca30891066230666958770e880baab395f51f1bed797a8,PASS
03_screening/retained_candidates_33.csv,E:\研阶段\毕业-机器学习部分\预测直接间接带隙\16_Direct_clean28_alias_removed_OFFICIAL\08_锁定Gap模型下游筛选\03_training_unseen_prospective_candidates.csv,03_training_unseen_prospective_candidates.csv,copied_and_column_normalized; numeric_values_not_recomputed_or_rounded,33,15,21367d93cf76f4fb77611695538126597b4fcd35f1b00149e2abaf72d7345bdc,PASS
04_SHAP/stability_shap.csv,E:\研阶段\毕业-机器学习部分\预测稳定性\12_稳定性协议统一_OFFICIAL_StratifiedGroupKFold\04_最终部署模型\09_final_shap_values.csv | E:\研阶段\毕业-机器学习部分\预测稳定性\03_特征构建数据集\03_稳定性训练宽表_28维加标签.csv | E:\研阶段\毕业-机器学习部分\预测稳定性\12_稳定性协议统一_OFFICIAL_StratifiedGroupKFold\04_最终部署模型\10_final_shap_mean_abs_ranking.csv,09_final_shap_values.csv | 03_稳定性训练宽表_28维加标签.csv | 10_final_shap_mean_abs_ranking.csv,wide_to_long_without_recomputation; feature_value_join_by_functional_group,22880,5,6c3ad13a189b704f81464777265af429dc2a5dda00a9ec716adabfe85f953e12,PASS
04_SHAP/direct_shap.csv,E:\研阶段\毕业-机器学习部分\预测直接间接带隙\16_Direct_clean28_alias_removed_OFFICIAL\04_最终部署模型\09_final_shap_values.csv | E:\研阶段\毕业-机器学习部分\预测直接间接带隙\16_Direct_clean28_alias_removed_OFFICIAL\00_协议与输入核验\training_884_clean28.csv | E:\研阶段\毕业-机器学习部分\预测直接间接带隙\16_Direct_clean28_alias_removed_OFFICIAL\04_最终部署模型\10_final_shap_mean_abs_ranking.csv | E:\研阶段\毕业-机器学习部分\预测直接间接带隙\16_Direct_clean28_alias_removed_OFFICIAL\04_最终部署模型\11_SHAP_provenance.json,09_final_shap_values.csv | training_884_clean28.csv | 10_final_shap_mean_abs_ranking.csv | 11_SHAP_provenance.json,wide_to_long_without_recomputation; positional_feature_value_join_using_verified_training_884_original_row_order,13260,5,06d725242b40b5927228b46be0dd410656f9056f042ad4e2f2a8a5cdf2c3da7c,PASS
04_SHAP/gap_shap.csv,E:\研阶段\毕业-机器学习部分\预测带隙\12_带隙回归完整严格嵌套选择_MAEonly_OFFICIAL_canonical680\06_SHAP与特征排名\01_final_shap_values_680.csv | E:\研阶段\毕业-机器学习部分\预测带隙\12_带隙回归完整严格嵌套选择_MAEonly_OFFICIAL_canonical680\01_输入核验\00_reference_gap_training_canonical680.csv | E:\研阶段\毕业-机器学习部分\预测带隙\12_带隙回归完整严格嵌套选择_MAEonly_OFFICIAL_canonical680\06_SHAP与特征排名\02_final_shap_mean_absolute_and_ranking.csv,01_final_shap_values_680.csv | 00_reference_gap_training_canonical680.csv | 02_final_shap_mean_absolute_and_ranking.csv,wide_to_long_without_recomputation; feature_value_join_by_canonical_composition_key,13600,5,c546920f88e76e922b93fd4bc4435a29e2b72fd8c8663e28771dc3bb7bf9814f,PASS
05_reproducibility/final_model_settings.csv,E:\研阶段\毕业-机器学习部分\预测稳定性\12_稳定性协议统一_OFFICIAL_StratifiedGroupKFold\04_最终部署模型\04_final_deployed_workflow.json | E:\研阶段\毕业-机器学习部分\预测直接间接带隙\16_Direct_clean28_alias_removed_OFFICIAL\04_最终部署模型\04_final_deployed_workflow.json | E:\研阶段\毕业-机器学习部分\预测带隙\12_带隙回归完整严格嵌套选择_MAEonly_OFFICIAL_canonical680\04_最终部署模型\07_final_deployed_workflow.json | D:\texlive\NJC\投稿-1\JMCA_clean_v1\JMCA_clean_latestML\SI\si.tex,04_final_deployed_workflow.json | 04_final_deployed_workflow.json | 07_final_deployed_workflow.json | si.tex,final_hyperparameters_extracted_from_deployment_JSON; fixed_estimator_settings_appended_from_SI_Table_S23,32,5,5a433316a6ed964ef2dd353d7cde7eca98fb6fda7df9e59ed00356e9ad97d40b,PASS
05_reproducibility/feature_dictionary.csv,D:\texlive\NJC\投稿-1\JMCA_clean_v1\JMCA_clean_latestML\SI\si.tex | E:\研阶段\毕业-机器学习部分\预测稳定性\12_稳定性协议统一_OFFICIAL_StratifiedGroupKFold\04_最终部署模型\04_final_deployed_workflow.json | E:\研阶段\毕业-机器学习部分\预测直接间接带隙\16_Direct_clean28_alias_removed_OFFICIAL\04_最终部署模型\04_final_deployed_workflow.json | E:\研阶段\毕业-机器学习部分\预测带隙\12_带隙回归完整严格嵌套选择_MAEonly_OFFICIAL_canonical680\04_最终部署模型\07_final_deployed_workflow.json,si.tex | 04_final_deployed_workflow.json | 04_final_deployed_workflow.json | 07_final_deployed_workflow.json,descriptor_schema_transcribed_from_SI; deployed_flags_from_deployment_JSON,84,5,f733b9d40b58cba88823f0005a7ffc22fe5aa1df856f8580f3f5098e109ec119,PASS
README.md,D:\texlive\NJC\投稿-1\JMCA_clean_v1\JMCA_clean_latestML\main.pdf | D:\texlive\NJC\投稿-1\JMCA_clean_v1\JMCA_clean_latestML\SI\si.pdf | E:\研阶段\毕业-机器学习部分\预测稳定性\03_特征构建数据集\03_稳定性训练宽表_28维加标签.csv | E:\研阶段\毕业-机器学习部分\预测稳定性\02_清洗后数据\03_稳定性最终训练样本.csv | E:\研阶段\毕业-机器学习部分\预测直接间接带隙\16_Direct_clean28_alias_removed_OFFICIAL\00_协议与输入核验\training_884_clean28.csv | E:\研阶段\毕业-机器学习部分\预测直接间接带隙\01_源数据集\原始数据\mp_all_A2BBX6_dataset_best_per_formula.csv | E:\研阶段\毕业-机器学习部分\预测带隙\12_带隙回归完整严格嵌套选择_MAEonly_OFFICIAL_canonical680\01_输入核验\00_reference_gap_training_canonical680.csv | E:\研阶段\毕业-机器学习部分\预测稳定性\12_稳定性协议统一_OFFICIAL_StratifiedGroupKFold\03_严格OOF评估与核验\02_严格OOF结果\01_nested_selection_oof_predictions.csv | E:\研阶段\毕业-机器学习部分\预测直接间接带隙\16_Direct_clean28_alias_removed_OFFICIAL\03_严格OOF评估与核验\01_nested_selection_oof_predictions.csv | E:\研阶段\毕业-机器学习部分\预测带隙\12_带隙回归完整严格嵌套选择_MAEonly_OFFICIAL_canonical680\03_严格OOF结果\01_nested_selection_oof_predictions.csv | E:\研阶段\毕业-机器学习部分\预测稳定性\12_稳定性协议统一_OFFICIAL_StratifiedGroupKFold\05_候选稳定性预测\01_candidate_Sstable_predictions_all_12513.csv | E:\研阶段\毕业-机器学习部分\预测直接间接带隙\16_Direct_clean28_alias_removed_OFFICIAL\05_新稳定性候选直接带隙预测\01_candidate_Sdirect_predictions_1914.csv | E:\研阶段\毕业-机器学习部分\预测直接间接带隙\16_Direct_clean28_alias_removed_OFFICIAL\08_锁定Gap模型下游筛选\01_candidate_EgML_predictions.csv | E:\研阶段\毕业-机器学习部分\预测直接间接带隙\16_Direct_clean28_alias_removed_OFFICIAL\08_锁定Gap模型下游筛选\02b_exact_training_overlap_audit.csv | E:\研阶段\毕业-机器学习部分\预测直接间接带隙\16_Direct_clean28_alias_removed_OFFICIAL\08_锁定Gap模型下游筛选\03_training_unseen_prospective_candidates.csv | E:\研阶段\毕业-机器学习部分\预测稳定性\12_稳定性协议统一_OFFICIAL_StratifiedGroupKFold\04_最终部署模型\09_final_shap_values.csv | E:\研阶段\毕业-机器学习部分\预测直接间接带隙\16_Direct_clean28_alias_removed_OFFICIAL\04_最终部署模型\09_final_shap_values.csv | E:\研阶段\毕业-机器学习部分\预测带隙\12_带隙回归完整严格嵌套选择_MAEonly_OFFICIAL_canonical680\06_SHAP与特征排名\01_final_shap_values_680.csv | E:\研阶段\毕业-机器学习部分\预测稳定性\12_稳定性协议统一_OFFICIAL_StratifiedGroupKFold\04_最终部署模型\10_final_shap_mean_abs_ranking.csv | E:\研阶段\毕业-机器学习部分\预测直接间接带隙\16_Direct_clean28_alias_removed_OFFICIAL\04_最终部署模型\10_final_shap_mean_abs_ranking.csv | E:\研阶段\毕业-机器学习部分\预测带隙\12_带隙回归完整严格嵌套选择_MAEonly_OFFICIAL_canonical680\06_SHAP与特征排名\02_final_shap_mean_absolute_and_ranking.csv | E:\研阶段\毕业-机器学习部分\预测稳定性\12_稳定性协议统一_OFFICIAL_StratifiedGroupKFold\04_最终部署模型\04_final_deployed_workflow.json | E:\研阶段\毕业-机器学习部分\预测直接间接带隙\16_Direct_clean28_alias_removed_OFFICIAL\04_最终部署模型\04_final_deployed_workflow.json | E:\研阶段\毕业-机器学习部分\预测带隙\12_带隙回归完整严格嵌套选择_MAEonly_OFFICIAL_canonical680\04_最终部署模型\07_final_deployed_workflow.json | E:\研阶段\毕业-机器学习部分\预测直接间接带隙\16_Direct_clean28_alias_removed_OFFICIAL\04_最终部署模型\11_SHAP_provenance.json,main.pdf | si.pdf | 03_稳定性训练宽表_28维加标签.csv | 03_稳定性最终训练样本.csv | training_884_clean28.csv | mp_all_A2BBX6_dataset_best_per_formula.csv | 00_reference_gap_training_canonical680.csv | 01_nested_selection_oof_predictions.csv | 01_nested_selection_oof_predictions.csv | 01_nested_selection_oof_predictions.csv | 01_candidate_Sstable_predictions_all_12513.csv | 01_candidate_Sdirect_predictions_1914.csv | 01_candidate_EgML_predictions.csv | 02b_exact_training_overlap_audit.csv | 03_training_unseen_prospective_candidates.csv | 09_final_shap_values.csv | 09_final_shap_values.csv | 01_final_shap_values_680.csv | 10_final_shap_mean_abs_ranking.csv | 10_final_shap_mean_abs_ranking.csv | 02_final_shap_mean_absolute_and_ranking.csv | 04_final_deployed_workflow.json | 04_final_deployed_workflow.json | 07_final_deployed_workflow.json | 11_SHAP_provenance.json,authored_package_guide_from_locked_sources_and_audit_requirements,,,4aeb5c3d9ef7bb0f87c4a745524be00737a26e5aaa8d0515e55fc3553419bc8a,PASS
FINAL_AUDIT.md,E:\研阶段\毕业-机器学习部分\JMCA_Zenodo_v1.0\machine_learning\01_training_data | E:\研阶段\毕业-机器学习部分\JMCA_Zenodo_v1.0\machine_learning\02_validation | E:\研阶段\毕业-机器学习部分\JMCA_Zenodo_v1.0\machine_learning\03_screening | E:\研阶段\毕业-机器学习部分\JMCA_Zenodo_v1.0\machine_learning\04_SHAP | E:\研阶段\毕业-机器学习部分\JMCA_Zenodo_v1.0\machine_learning\05_reproducibility,01_training_data | 02_validation | 03_screening | 04_SHAP | 05_reproducibility,automated_checks_over_final_public_tables,,,66b9574b7d53aeb5cae33196b67963a39bb24947f8e9715bd250951488952dc5,PASS
05_reproducibility/source_manifest.csv,E:\研阶段\毕业-机器学习部分\JMCA_Zenodo_v1.0\machine_learning,,manifest_of_public_files; final_self_sha256_reported_externally_after_write,19,8,SELF_REFERENTIAL_NOT_EMBEDDED,PASS_WITH_SELF_HASH_NOTE
