phase,natoms,Z,total_TOTEN_eV,energy_eV_per_fu,ENCUT_eV,ISMEAR,SIGMA_eV
CsCl,2,1,-6.54383372,-6.54383372,500,0,0.05
CsBr,2,1,-6.02301152,-6.02301152,500,0,0.05
GeCl2,6,2,-21.39393962,-10.69696981,500,0,0.05
GeBr2,24,8,-77.13523981,-9.64190498,500,0,0.05
SnCl2,12,4,-42.74337817,-10.68584454,500,0,0.05
SnBr2,12,4,-38.48601735,-9.62150434,500,0,0.05
CsGeCl3,5,1,-17.78418079,-17.78418079,500,0,0.05
CsGeBr3,5,1,-16.07043109,-16.07043109,500,0,0.05
CsSnCl3,5,1,-17.63617820,-17.63617820,500,0,0.05
CsSnBr3,5,1,-15.98325408,-15.98325408,500,0,0.05
GeCl4,20,4,-66.64878163,-16.66219541,500,0,0.05
