composition,structure,method,status,source_description
Cs2GeSnCl2Br4,parent,PBE,complete,"SCF plus conventional line-band calculation"
Cs2GeSnCl2Br4,parent,HSE06,complete,"HSE06 SCF plus three zero-weight k-path segments"
Cs2GeSnCl2Br4,parent,PBE+SOC,not_calculated_as_line_band,"gap obtained from static/full-BZ calculation"
Cs2GeSnCl2Br4,parent,HSE06+SOC,not_calculated_as_line_band,"gap obtained from static calculation"
Cs2GeSnCl2Br4,final_P1,PBE,complete,"SCF plus line-band calculation"
Cs2GeSnCl2Br4,final_P1,HSE06,not_calculated_as_line_band,"gap obtained from static calculation"
Cs2GeSnCl2Br4,final_P1,PBE+SOC,not_calculated_as_line_band,"gap obtained from static/full-BZ calculation"
Cs2GeSnCl2Br4,final_P1,HSE06+SOC,not_calculated_as_line_band,"gap obtained from static calculation"
Cs2GeSnCl4Br2,parent,PBE,complete,"SCF plus line-band calculation"
Cs2GeSnCl4Br2,parent,HSE06,complete,"SCF plus line-band calculation"
Cs2GeSnCl4Br2,parent,PBE+SOC,not_calculated_as_line_band,"gap obtained from static/full-BZ calculation"
Cs2GeSnCl4Br2,parent,HSE06+SOC,not_calculated_as_line_band,"gap obtained from static calculation"
Cs2GeSnCl4Br2,final_P1,PBE,complete,"SCF plus line-band calculation"
Cs2GeSnCl4Br2,final_P1,HSE06,not_calculated_as_line_band,"empty historical directory only; no completed line-band calculation"
Cs2GeSnCl4Br2,final_P1,PBE+SOC,not_calculated_as_line_band,"gap obtained from static/full-BZ calculation"
Cs2GeSnCl4Br2,final_P1,HSE06+SOC,not_calculated_as_line_band,"gap obtained from static calculation"
