Energy_eV,eps1_xx,eps1_yy,eps1_zz,eps1_avg,eps2_xx,eps2_yy,eps2_zz,eps2_avg,n_from_epsavg,k_from_epsavg,alpha_from_epsavg_cm-1,R_from_epsavg,n_directional_avg,k_directional_avg,alpha_directional_avg_cm-1,R_directional_avg
0.0,4.6929,4.7678,3.9101,4.456933333333333,0.0,0.0,0.0,0.0,2.111145028967298,0.0,0.0,0.12755602650028366,2.1090789198803583,0.0,0.0,0.12721823598174498
0.0195,4.693,4.7679,3.9102,4.4570333333333325,0.001,0.0011,0.0004,0.0008333333333333335,2.1111687218897264,0.00019736303532715102,0.3900712594853451,0.12755952695192316,2.109102684612767,0.00019460988398306456,0.3846298899271528,0.1272217401798183
0.0391,4.6933,4.7682,3.9103,4.4572666666666665,0.0021,0.0021,0.0008,0.0016666666666666668,2.1112240104894546,0.00039471573349800085,1.5642448030149227,0.12756769774573815,2.109157120618128,0.00038926936216766075,1.542661021762339,0.12722975565762384
0.0586,4.6938,4.7688,3.9105,4.4577,0.0031,0.0032,0.0012,0.0025,2.111326680198272,0.0005920448085920573,3.5163793326214914,0.12758286864303398,2.109258285342199,0.0005838430415257314,3.4676659180547973,0.12724465012905126
0.0782,4.6945,4.7695,3.9108,4.458266666666666,0.0042,0.0043,0.0016,0.003366666666666667,2.1114609402620745,0.000797236312127151,6.318839874803191,0.12760271004819204,2.1093909118384606,0.00078607660306243,6.230388792537242,0.12726418466665265
0.0977,4.6954,4.7704,3.9111,4.458966666666667,0.0052,0.0053,0.002,0.004166666666666667,2.1116267757462324,0.0009866011158819815,9.76966543785542,0.12762721624117962,2.109554187137848,0.0009729429642931788,9.634417697533507,0.12728822417827254
0.1173,4.6965,4.7716,3.9116,4.4599,0.0063,0.0064,0.0024,0.005033333333333333,2.111847868603126,0.001191689374920352,14.167871356488789,0.1276598872984242,2.1097726019026783,0.0011750676367057403,13.970257235139762,0.12732039099591086
0.1368,4.6978,4.7729,3.9121,4.460933333333334,0.0073,0.0075,0.0028,0.005866666666666667,2.1120926263250124,0.0013888279787398325,19.25653218837647,0.12769605604500917,2.110014015883458,0.001369439424137236,18.987703844257315,0.1273559407751326
0.1564,4.6994,4.7745,3.9127,4.4622,0.0084,0.0086,0.0032,0.006733333333333334,2.112392610312024,0.0015937693828344413,25.26421181349441,0.1277403838705365,2.11030980003413,0.0015714066091559948,24.909720218264535,0.12739949345234644
0.1759,4.7011,4.7762,3.9133,4.463533333333333,0.0094,0.0097,0.0037,0.0076,2.1127083491187824,0.0017986391740629467,32.06663681428438,0.12778704343181754,2.110620869354277,0.0017740345550457035,31.627978859227426,0.12744529563890095
0.1955,4.703,4.7782,3.9141,4.4651000000000005,0.0105,0.0107,0.0041,0.008433333333333333,2.1130792654447075,0.0019955080416548163,39.540646832980144,0.12784184955137048,2.1109869975468367,0.001968183029039554,38.99920643235373,0.12749920683744845
0.215,4.7052,4.7804,3.9149,4.466833333333333,0.0116,0.0119,0.0045,0.009333333333333334,2.113489580946162,0.00220803864317994,48.11590460724846,0.1279024816872182,2.111391392259442,0.0021774572696940226,47.44949849431561,0.12755874909642537
0.2346,4.7075,4.7828,3.9158,4.468699999999999,0.0127,0.013,0.0049,0.0102,2.1139313660753327,0.002412566501339615,57.36550572541341,0.12796776068105914,2.111827060467902,0.0023789858213600773,56.567031283958734,0.12762289478943512
0.2541,4.7101,4.7854,3.9168,4.470766666666667,0.0138,0.0141,0.0053,0.011066666666666667,2.1144203733165954,0.002616950443350441,67.39748475202114,0.1280400133972193,2.1123093498681005,0.0025803616781690515,66.45517010113657,0.12769390128003977
0.2737,4.7129,4.7883,3.9179,4.473033333333333,0.0149,0.0152,0.0057,0.011933333333333332,2.114956569854937,0.0028211769223560577,78.26158613062769,0.1281192342700823,2.112838165109187,0.002781570517886661,77.16287445106472,0.12777175171444263
0.2932,4.7159,4.7914,3.9191,4.475466666666667,0.016,0.0164,0.0061,0.012833333333333334,2.115532052816813,0.003033121931716854,90.13580895501869,0.12820426071558996,2.113405867177266,0.002990225095719692,88.8610362616485,0.12785532954421305
0.3127,4.7191,4.7946,3.9203,4.478000000000001,0.0172,0.0175,0.0066,0.013766666666666668,2.1161310405202647,0.003252791628483708,103.09263742157208,0.1282927643998454,2.1139963896398437,0.003207193714330541,101.64747592096785,0.12794226402558354
0.3323,4.7226,4.7982,3.9216,4.4807999999999995,0.0183,0.0187,0.007,0.014666666666666668,2.1167928575543056,0.003464360391814993,116.68013728571898,0.1283905378292872,2.1146486074902295,0.0034154436548812454,115.03261481822858,0.12803826341974886
0.3518,4.7262,4.8019,3.923,4.4837,0.0195,0.0199,0.0074,0.015600000000000003,2.117478115379097,0.0036836272088605704,131.3454500147722,0.12849177816069512,2.115324329845659,0.0036311794536861997,129.4753438354411,0.12813773134680093
0.3714,4.7301,4.8059,3.9245,4.486833333333334,0.0206,0.0211,0.0078,0.0165,2.118218237733436,0.003894782819361908,146.61171382964494,0.12860111048394166,2.1160540359062567,0.0038389921382887895,144.51157943262788,0.1282451277553393
0.3909,4.7342,4.8101,3.9261,4.4901333333333335,0.0218,0.0223,0.0083,0.01746666666666667,2.1189974798590696,0.004121445832900275,163.2897004517233,0.12871622738694025,2.116822446370838,0.004062640232542289,160.9598508657633,0.12835822480844253
0.4105,4.7386,4.8145,3.9278,4.493633333333333,0.023,0.0235,0.0087,0.0184,2.119823617377651,0.004339983725345755,180.56966316361718,0.1288382583105138,2.1176371397997658,0.004277601988652753,177.97420431052683,0.1284781210825792
0.43,4.7432,4.8192,3.9295,4.4973,0.0243,0.0248,0.0091,0.0194,2.1206887846509748,0.0045739856174279005,199.3456557681741,0.12896606014138784,2.118489637411875,0.004507529960552508,196.4493531543545,0.1286035748762172
0.4496,4.748,4.8241,3.9313,4.501133333333333,0.0255,0.026,0.0096,0.020366666666666665,2.121592885527109,0.0047998526968965755,218.72465367680894,0.12909959920545835,2.1193806356060225,0.004730329696032526,215.55655764411327,0.12873467552716966
0.4691,4.7531,4.8293,3.9332,4.505199999999999,0.0268,0.0273,0.01,0.02136666666666667,2.1225516091741277,0.005033250210360021,239.3081441591408,0.1292412012586414,2.120325371499394,0.004959613467980698,235.80705213624697,0.1288736776019944
0.4887,4.7584,4.8347,3.9352,4.509433333333333,0.0281,0.0286,0.0105,0.0224,2.1235491871873635,0.0052741891111052295,261.24113522518695,0.12938854015945755,2.121308527529918,0.005196972280908707,257.41643118934644,0.12901832650838405
0.5082,4.764,4.8404,3.9373,4.5139000000000005,0.0294,0.03,0.0109,0.023433333333333334,2.1246012361339175,0.005514760354746005,284.0565650484288,0.12954391055084116,2.1223452596696375,0.005433116337329587,279.8512111160312,0.12917084232651552
0.5278,4.7698,4.8464,3.9395,4.518566666666666,0.0307,0.0313,0.0114,0.024466666666666664,2.1256998344820217,0.005754967439400813,307.861784360054,0.12970614246002224,2.1234278270089395,0.005669697201740562,303.30025594215823,0.12933007873337662
0.5473,4.7759,4.8526,3.9418,4.523433333333333,0.0321,0.0327,0.0118,0.025533333333333335,2.1268449320342677,0.00600263163259753,332.9742628963914,0.12987523503372939,2.124556263515682,0.005912674769308822,327.98423151026304,0.12949605790728438
0.5668,4.7822,4.8591,3.9441,4.528466666666667,0.0335,0.0342,0.0123,0.026666666666666672,2.128028647400465,0.006265579812402061,359.9437472112839,0.13005003421543168,2.1257220415570406,0.006171186901355393,354.52108256896827,0.12966751447895586
0.5864,4.7889,4.8658,3.9466,4.533766666666667,0.0349,0.0356,0.0128,0.027766666666666672,2.1292743317648264,0.0065202182387558184,387.52490585227554,0.1302339552281235,2.1269494779465443,0.006421639859551153,381.66596436880036,0.129848014688346
0.6059,4.7958,4.8729,3.9491,4.539266666666666,0.0364,0.0371,0.0133,0.02893333333333334,2.1305663030145063,0.00679005701263564,416.9825672578117,0.1304247111153395,2.128221651670595,0.006686767281430063,410.6394662780524,0.13003507539759654
0.6255,4.803,4.8802,3.9517,4.544966666666666,0.0379,0.0386,0.0137,0.030066666666666672,2.1319044049169507,0.007051598232387455,447.05236813261405,0.13062224939137848,2.1295392976457714,0.006942999217345872,440.1674825717458,0.1302287921722701
0.645,4.8105,4.8879,3.9544,4.550933333333333,0.0394,0.0402,0.0142,0.03126666666666667,2.1333042530809867,0.0073282248937309715,479.07336814461013,0.1308288981246977,2.1309174603216783,0.007214566099464439,471.6430692416515,0.13043138571710572
0.6646,4.8182,4.8958,3.9573,4.5571,0.041,0.0418,0.0147,0.0325,2.1347500894852725,0.007612132249147322,512.7553345581549,0.13104232392817255,2.132341718742064,0.007493180516382242,504.742712925489,0.13064075131338693
0.6841,4.8263,4.904,3.9602,4.5635,0.0426,0.0434,0.0152,0.03373333333333333,2.13624959642829,0.007895456923586591,547.4448623599058,0.13126364620604952,2.133817902276673,0.007771153911756555,538.8261027541217,0.13085769990349339
0.7037,4.8347,4.9126,3.9632,4.570166666666666,0.0442,0.0451,0.0157,0.035,2.137810486542103,0.008185945438181923,583.848168454511,0.13149400917525023,2.135354225990462,0.008055966318841734,574.5776362554892,0.1310834543359504
0.7232,4.8435,4.9215,3.9663,4.577100000000001,0.0459,0.0468,0.0162,0.0363,2.139432628233496,0.00848355763135203,621.8418653501933,0.13173339082941266,2.1369506083955168,0.008347633250405308,611.878654835525,0.13131800093197557
0.7428,4.8525,4.9307,3.9695,4.584233333333334,0.0477,0.0486,0.0167,0.03766666666666666,2.1411003490525817,0.008796100258305684,662.2250295839905,0.13197949238474518,2.1385918078766957,0.008653688533684303,651.5033909281043,0.13155911733952597
0.7623,4.8619,4.9403,3.9728,4.591666666666666,0.0495,0.0504,0.0173,0.039066666666666666,2.142836849037658,0.009115641884786384,704.298397964547,0.13223571669892226,2.1403002762725114,0.008967261021066875,692.8341033019124,0.13181006569084877
0.7819,4.8717,4.9502,3.9762,4.599366666666667,0.0513,0.0523,0.0178,0.040466666666666665,2.1446341586718485,0.009434398520395347,747.6682801208593,0.13250087397804844,2.142068344240115,0.009279123905061968,735.3628952739332,0.13206971907974618
0.8014,4.8818,4.9605,3.9797,4.607333333333333,0.0532,0.0542,0.0183,0.0419,2.1464921600332527,0.009760110188191813,792.7706883980422,0.13277495556910773,2.143895807800303,0.009597653697320345,779.5750644122885,0.1323380477979417
0.821,4.8922,4.9712,3.9833,4.615566666666666,0.0552,0.0562,0.0189,0.04343333333333333,2.1484107715526433,0.010108246967586079,841.1288454618622,0.13305797332845776,2.145782562426659,0.009938625734577893,827.0142999483323,0.13261505464765963
0.8405,4.9031,4.9823,3.9871,4.6241666666666665,0.0573,0.0583,0.0194,0.045000000000000005,2.1504130169016977,0.01046310630709714,891.3368899681521,0.13335328577731168,2.147751801709156,0.010285150438861804,876.1770869910121,0.1329041278159792
0.86,4.9144,4.9938,3.9909,4.633033333333334,0.0594,0.0605,0.02,0.04663333333333333,2.1524754763176093,0.0108324888823084,944.213550483147,0.1336574561422774,2.1497790814741697,0.010646405295067303,927.9935804924543,0.13320165433721948
0.8796,4.9261,5.0057,3.9949,4.6422333333333325,0.0616,0.0627,0.0205,0.04826666666666667,2.1546133738164377,0.011200772085887033,998.5658429934164,0.13397269081531388,2.151880841178933,0.0110056604475548,981.1713441039566,0.1335100468771685
0.8991,4.9382,5.018,3.9989,4.651699999999999,0.0639,0.065,0.0211,0.05000000000000001,2.1568111543667587,0.011591186344419196,1056.2808614210146,0.1342967416373985,2.154040274907766,0.011387018816101305,1037.6754964240438,0.133826842929732
0.9187,4.9507,5.0308,4.0031,4.661533333333334,0.0663,0.0674,0.0217,0.05179999999999999,2.159091760945996,0.011995784740829067,1116.9813087596137,0.13463296419908746,2.1562812485379523,0.011781954717222654,1097.0706364042605,0.13415554632106344
0.9382,4.9638,5.044,4.0074,4.671733333333333,0.0688,0.0699,0.0223,0.05366666666666666,2.1614549388272377,0.012414477327888954,1180.503812001165,0.13498131541633107,2.158602711970412,0.012190340071320943,1159.1903987336075,0.1344959805288826
0.9578,4.9773,5.0578,4.0118,4.682300000000001,0.0714,0.0726,0.0229,0.05563333333333334,2.163900470856016,0.012854873429404164,1247.9183277747118,0.13534177446016415,2.1610043095880016,0.01261948077134749,1225.0670088701938,0.13484809908485326
0.9773,4.9913,5.072,4.0163,4.6932,0.0741,0.0753,0.0236,0.05766666666666667,2.1664203504738473,0.013309205356675284,1318.3282253938307,0.13571314245088714,2.163478323064941,0.01306280845573378,1293.9216601289982,0.13521074248532935
0.9969,5.0058,5.0868,4.0209,4.7045,0.0769,0.0782,0.0242,0.05976666666666667,2.169029694009254,0.013777281802946859,1392.062271572459,0.13609763406179518,2.1660393159661115,0.01351827616280999,1365.8922341938312,0.13558604100945634
1.0164,5.0209,5.1021,4.0257,4.716233333333334,0.0799,0.0811,0.0248,0.06193333333333333,2.1717358612189708,0.01425894705688646,1468.9115253034852,0.13649632213109442,2.1686952777329016,0.013986707681868646,1440.8662878809955,0.13597515958972783
1.036,5.0365,5.118,4.0306,4.728366666666667,0.083,0.0843,0.0255,0.06426666666666667,2.1745309908855885,0.014777132847507974,1551.6489025964818,0.136908101146711,2.171437620988725,0.014490979392241315,1521.601822461205,0.13637686534322718
1.0555,5.0528,5.1345,4.0356,4.740966666666666,0.0863,0.0876,0.0262,0.0667,2.1774299651912252,0.01531622166184398,1638.5262604005125,0.13733511191791867,2.174280729752916,0.015015160502435412,1606.3187991500354,0.13679321158513827
1.0751,5.0696,5.1516,4.0408,4.7540000000000004,0.0897,0.0911,0.0268,0.0692,2.1804246853047227,0.015868468300324966,1729.1290055255552,0.1377761357145903,2.177217618313701,0.01555082326932434,1694.5163872079447,0.13722317617282445
1.0946,5.0872,5.1694,4.0461,4.767566666666667,0.0934,0.0948,0.0275,0.07189999999999999,2.1835378937547736,0.016464106303272583,1826.5734085060724,0.13823458276631745,2.1802692867628544,0.016128915558034928,1789.38642181207,0.13766984791213613
1.1141,5.1054,5.1879,4.0515,4.7816,0.0973,0.0986,0.0283,0.07473333333333333,2.1867537562916604,0.017087734071171635,1929.5328484202382,0.13870808005293467,2.183420310795323,0.0167345854066106,1889.6555922663138,0.13813091867226815
1.1337,5.1243,5.2072,4.0571,4.7962,0.1014,0.1028,0.029,0.07773333333333333,2.190094733270915,0.01774656871057739,2039.1823668247505,0.13919993334260372,2.1866933020576034,0.01737280230580278,1996.2344666217334,0.13860973217938943
1.1532,5.1441,5.2272,4.0628,4.811366666666667,0.1057,0.1072,0.0298,0.0809,2.1935602824744462,0.018440341176486474,2155.346562433663,0.1397100516953774,2.1900867299083746,0.018045149899664575,2109.155759787997,0.13910599945106367
1.1728,5.1647,5.248,4.0686,4.827100000000001,0.1104,0.1119,0.0305,0.08426666666666667,2.1971499112957904,0.01917635802487881,2279.468590179805,0.14023837509807438,2.1936000733742707,0.018756745615205028,2229.589812016604,0.13961967933198308
1.1923,5.1861,5.2698,4.0746,4.8435,0.1154,0.1169,0.0313,0.08786666666666666,2.200885837076458,0.019961659343347916,2412.268853052822,0.14078817119662398,2.1972554579022954,0.019516186505642855,2358.435640452936,0.14015398051243497
1.2119,5.2085,5.2924,4.0808,4.860566666666666,0.1208,0.1223,0.0321,0.09173333333333333,2.2047674363218177,0.020803403529577134,2555.316529504733,0.1413593620473629,2.201052370818756,0.020329332916195316,2497.085650465892,0.1407088574588302
1.2314,5.2318,5.3161,4.0871,4.878333333333333,0.1266,0.1281,0.0329,0.09586666666666666,2.208801545931218,0.02170105930142246,2708.4673741752986,0.14195293672896261,2.2049961931660564,0.02119551881341683,2645.371840493301,0.14128503534624223
1.251,5.2562,5.3408,4.0936,4.896866666666667,0.133,0.1344,0.0338,0.10039999999999999,2.213002764469873,0.02268411084069821,2876.223271978276,0.1425711296501623,2.2091019238471445,0.0221440356779192,2807.7446455639015,0.14188480138117568
1.2705,5.2818,5.3666,4.1003,4.9162333333333335,0.1398,0.1413,0.0347,0.10526666666666668,2.2173851182685107,0.02373666752775942,3056.5953051020947,0.14321592698108898,2.2133829396178544,0.02315837582413399,2982.1280824300916,0.14251002144998834
1.2901,5.3085,5.3937,4.1071,4.9364333333333335,0.1474,0.1488,0.0356,0.11060000000000002,2.221947962811354,0.0248880716045312,3254.304212314814,0.14388734214412044,2.217837450787747,0.02426664334680902,3173.0477522366223,0.14316051562057475
1.3096,5.3366,5.422,4.1141,4.957566666666666,0.1557,0.157,0.0365,0.11639999999999999,2.226712783233053,0.02613718322284324,3469.292955086893,0.14458850983904772,2.2224870577520144,0.025467502361738004,3380.4035336913075,0.14383941910029133
1.3292,5.366,5.4518,4.1212,4.979666666666667,0.1648,0.1662,0.0374,0.12279999999999998,2.231686273282326,0.027512827737070415,3706.5433781822862,0.14532053342767134,2.2273369346052014,0.026788265010321697,3608.9298866657596,0.14454756884627293
1.3487,5.397,5.483,4.1286,5.002866666666666,0.1751,0.1764,0.0384,0.12996666666666667,2.2368975405866562,0.02905065259103915,3971.136138487355,0.14608784022024487,2.2324170499456053,0.0282640764609116,3863.6135661034045,0.14528952084342042
1.3683,5.4295,5.5158,4.1362,5.027166666666666,0.1867,0.1878,0.0394,0.13796666666666665,2.2423454429173595,0.030763918891813787,4266.448524470522,0.1468903636636515,2.2377251008596395,0.02990617365860661,4147.493397282154,0.14606502501096338
1.3878,5.4638,5.5504,4.1439,5.0527,0.1998,0.2009,0.0405,0.14706666666666665,2.248059146079746,0.032709696923040626,4600.9438036593065,0.1477327021488816,2.24328787428415,0.031769636053840374,4468.714904034044,0.14687824569310715
1.4073,5.4998,5.5866,4.1519,5.079433333333333,0.2148,0.2157,0.0416,0.15736666666666665,2.254030144192262,0.03490784430548498,4979.1274553451885,0.14861382942309376,2.2490993668207566,0.0338721817715169,4831.404332936779,0.14772864468216393
1.4269,5.5376,5.6247,4.16,5.107433333333334,0.2322,0.2329,0.0427,0.16926666666666665,2.2602732965738737,0.03744384958297612,5415.2380845127245,0.14953655557293516,2.2551717166826672,0.036294667501094946,5249.040040103532,0.1486186064213626
1.4464,5.5771,5.6645,4.1684,5.136666666666667,0.2525,0.253,0.0438,0.1831,2.2667813811436694,0.040387661889924806,5920.803535052121,0.15050053606210953,2.2615004789395585,0.039103343503053146,5732.52334032713,0.14954836733054108
1.466,5.6181,5.7058,4.177,5.166966666666666,0.2763,0.2765,0.045,0.19926666666666668,2.273518673254445,0.04382340664513442,6511.538767727779,0.15150156611126134,2.2680507354547257,0.04237878467143086,6296.888362690712,0.1505139743193243
1.4855,5.6601,5.7481,4.1858,5.198,0.3045,0.3043,0.0463,0.21836666666666668,2.280414955915773,0.04787871306057402,7208.728183543758,0.15253103993931566,2.2747563878060717,0.04624199751402255,6962.300559769853,0.15150780805010813
1.5051,5.7023,5.7907,4.1949,5.229299999999999,0.3377,0.337,0.0476,0.24076666666666668,2.2873718256489,0.05262954277194563,8028.5751763787775,0.15357632450113515,2.281526043898976,0.05076357488297948,7743.923957990097,0.15251883198847555
1.5246,5.7435,5.8322,4.2042,5.259966666666667,0.3765,0.3753,0.0489,0.26689999999999997,2.2941992578001353,0.0581684435413695,8988.49299173358,0.15461214451937835,2.2881793650234736,0.05603135780583641,8658.25929478222,0.15352399814556458
1.5442,5.7817,5.871,4.2138,5.288833333333333,0.421,0.419,0.0504,0.2968,2.3006507847305975,0.06450348787609707,10095.556702190017,0.15560489638792102,2.29448446920731,0.062056426921736914,9712.562798574878,0.15449277760625132
1.5637,5.8154,5.9053,4.2237,5.314800000000001,0.4704,0.4676,0.0519,0.3299666666666667,2.306494423947389,0.07152990773373634,11336.64707105408,0.15652228736076915,2.300222834104544,0.06873819030717328,10894.192772009455,0.1553958759379504
1.5833,5.8429,5.9337,4.2338,5.3368,0.5231,0.5194,0.0534,0.36529999999999996,2.3115025034560945,0.07901786812988734,12680.373495033038,0.15733107879190467,2.305177332025029,0.07586071649121724,12173.73034068995,0.1562022511128052
1.6028,5.8634,5.9553,4.2442,5.354299999999999,0.5769,0.5722,0.0551,0.4014,2.3155587827687945,0.08667454330829484,14080.38147934738,0.15801249672111012,2.309237516814529,0.08315155926978267,13508.068579682453,0.1568940124718835
1.6224,5.877,5.9703,4.2549,5.3674,0.6295,0.6239,0.0568,0.43673333333333336,2.318678362236276,0.09417721328803108,15486.286824414155,0.15856499857957074,2.3124158062858995,0.09030410975224133,14849.402485179677,0.15746885765707794
1.6419,5.8847,5.9795,4.2659,5.3767,0.6787,0.6723,0.0586,0.46986666666666665,2.3209794955724754,0.10122163241058053,16844.711038763668,0.15900069720932392,2.31482053261043,0.09703194859051255,16147.488403521405,0.157936272839329
1.6614,5.8877,5.9844,4.2771,5.383066666666667,0.7226,0.7157,0.0605,0.4996,2.3226350820669257,0.10755025700279235,18110.447604922367,0.15933902614791975,2.316609996444521,0.10309004519473718,17359.390057430483,0.1583120560222521
1.681,5.8882,5.987,4.2888,5.388000000000001,0.7595,0.7521,0.0625,0.5247,2.3239501030479417,0.11288968711329876,19233.818269206145,0.15961721059934006,2.318072131283557,0.10821688965870675,18437.68055859109,0.15862898669902056
1.7005,5.8893,5.9902,4.3007,5.3934,0.7878,0.7804,0.0646,0.5442666666666667,2.3253163608180776,0.11703067071595885,20170.648245116536,0.15988543676745778,2.3195703972996795,0.1122069300269108,19339.259549578826,0.15893047954921694
1.7201,5.8953,5.9985,4.313,5.402266666666666,0.8077,0.8006,0.0667,0.5583333333333332,2.3273707309848954,0.11994937589875511,20911.982847804356,0.16023232428319403,2.321711091451188,0.11502691178675217,20053.800099392018,0.15929826273706407
1.7396,5.9111,6.0164,4.3257,5.4177333333333335,0.8215,0.8151,0.069,0.5685333333333333,2.3307955449488382,0.12196121932818739,21503.773757272396,0.16075969983197613,2.325146246496435,0.11696787100954563,20623.36412274431,0.1598278954932155
1.7592,5.9399,6.0471,4.3389,5.441966666666667,0.8345,0.8289,0.0713,0.5782333333333333,2.3360829451280103,0.1237613019133716,22067.016064152245,0.16154977604953571,2.33035581597319,0.11868073681712075,21161.135874944044,0.16060060708626187
1.7787,5.9823,6.0911,4.3525,5.4753,0.8534,0.8487,0.0739,0.5920000000000001,2.3433428151996285,0.1263152783621986,22772.049231184028,0.16263554262558963,2.33745505627082,0.12108454800128156,21829.05602530832,0.1616523420606944
1.7983,6.0353,6.1454,4.3667,5.515800000000001,0.8846,0.8809,0.0766,0.6140333333333333,2.35219819136309,0.1305232985017952,23789.959914482228,0.16398011036478932,2.346100614626883,0.12503624753544065,22789.857066663837,0.16295544446865926
1.8178,6.093,6.2043,4.3813,5.559533333333333,0.9329,0.93,0.0795,0.6474666666666666,2.3618469329945095,0.13706787210078938,25253.71618129263,0.16548426550258302,2.35553777163245,0.13119154003961048,24171.04655357038,0.16442222123555336
1.8374,6.1476,6.2602,4.3965,5.601433333333333,0.9998,0.9976,0.0827,0.6933666666666666,2.3712462236591327,0.14620300914949058,27227.23557193561,0.16701023683903007,2.364787055119692,0.13980360071263956,26035.480340324608,0.16592919341754306
1.8569,6.1913,6.3051,4.4122,5.6362,1.0831,1.0814,0.0862,0.7502333333333332,2.379297423533543,0.15765858566331406,29672.19455901833,0.16840546828372246,2.3728101846655965,0.15063055587202331,28349.4815176931,0.16733713476735368
1.8765,6.2177,6.333,4.4285,5.659733333333333,1.1769,1.1758,0.09,0.8142333333333333,2.3851348229633205,0.17068916303895174,32463.702001908594,0.16954100435805997,2.378786244868157,0.16298493297036426,30998.41958650597,0.16852663243490082
1.896,6.2241,6.3409,4.4454,5.670133333333333,1.273,1.2725,0.0941,0.8798666666666666,2.3883181872610275,0.18420214512449748,35397.82207548634,0.17033614823320012,2.3822857992675157,0.17585074159722627,33792.94664942042,0.16941857464077
1.9156,6.212,6.3304,4.4629,5.668433333333334,1.3625,1.3629,0.0987,0.9413666666666667,2.3889853725437176,0.19702227512266657,38252.83997632382,0.17078196577301505,2.383414467150925,0.1881287632604046,36526.12107673324,0.16999508189640902
1.9351,6.1869,6.3067,4.4811,5.658233333333333,1.4388,1.4404,0.1037,0.9943,2.387798645898947,0.20820432277816084,40835.38745468218,0.1709412972251253,2.382772856186813,0.19891968828349885,39014.37988910632,0.17030317967345984
1.9546,6.156,6.2769,4.5001,5.644333333333333,1.4988,1.5017,0.1093,1.0366,2.385693269856326,0.21725341080046418,43039.57987659754,0.17092308602876644,2.3812236749724778,0.2077405253749145,41155.00374671617,0.1704328914246812
1.9742,6.1268,6.2485,4.5198,5.6316999999999995,1.5424,1.5466,0.1155,1.0681666666666667,2.383674134042455,0.224058870172655,44832.89822645749,0.17085651662251053,2.3797044911338605,0.2144582990205337,42911.87885754232,0.170495918369034
1.9937,6.106,6.228,4.5404,5.6248000000000005,1.5722,1.5773,0.1227,1.0907333333333333,2.3826853431504094,0.22888740564693233,46251.43705116401,0.17087575632864166,2.3791109071227807,0.2193013298783384,44314.37206182717,0.17061331146857436
2.0133,6.0992,6.2216,4.5617,5.6275,1.5932,1.5987,0.1308,1.1075666666666666,2.3835851573604607,0.23233209504735436,47409.047257028746,0.17111622745443442,2.3802696745504517,0.2227993055235331,45463.812488952324,0.17091324166595148
2.0328,6.1101,6.2329,4.5837,5.642233333333333,1.6129,1.6182,0.1402,1.1237666666666668,2.386973912041661,0.23539567420438792,48499.43231655595,0.17169317008985996,2.3837773788191923,0.22588755848105238,46540.440433886506,0.17151138180361336
2.0524,6.1385,6.2622,4.6062,5.668966666666667,1.6405,1.6451,0.1511,1.1455666666666666,2.392960662098039,0.2393617840884785,49792.08870994348,0.17266412492848446,2.38977146345432,0.2297807960537831,47799.0495622401,0.17247531428147178
2.0719,6.1794,6.3046,4.6288,5.704266666666666,1.6849,1.6887,0.1638,1.1791333333333334,2.400950681431772,0.24555550900157827,51565.828256469635,0.17399170447380197,2.3977177992169927,0.23575294332773952,49507.32254399268,0.17378580997493154
2.0915,6.2231,6.3507,4.6512,5.741666666666666,1.7516,1.7546,0.1781,1.2281,2.409689324667309,0.25482538089626083,54018.69354577874,0.17553455560634168,2.406447829152301,0.24463634353146838,51858.78904568783,0.1753252789053293
2.111,6.2584,6.3891,4.6728,5.773433333333333,1.8401,1.8428,0.1941,1.2923333333333333,2.4176163617935646,0.26727427762248135,57185.8950964396,0.17708931730725544,2.4144808771818473,0.25656495700181886,54894.53323769622,0.17691025851681974
2.1306,6.2757,6.4098,4.6932,5.7928999999999995,1.9442,1.9474,0.2113,1.3676333333333333,2.423329509653387,0.2821806378136637,60935.81989522013,0.17844957710073758,2.4204745594341825,0.27088512988973235,58496.59854463182,0.17834901451877885
2.1501,6.27,6.4075,4.7121,5.796533333333333,2.0538,2.0582,0.2289,1.4469666666666667,2.4259985581389936,0.2982208422614743,64989.0482918874,0.17946350851748868,2.423614373215946,0.28636153859626073,62404.638521053996,0.17949356534087746
2.1697,6.2421,6.3828,4.7297,5.784866666666667,2.1575,2.1639,0.2461,1.5225000000000002,2.425564879753184,0.313844418821509,69017.24580332417,0.18006716761976332,2.423808844332735,0.30153093857108454,66309.39936039843,0.18027166442537645
2.1892,6.1986,6.3419,4.7468,5.762433333333334,2.2464,2.2552,0.2623,1.5879666666666665,2.422773527501133,0.32771669506899975,72715.58986685406,0.18030305141740116,2.4217301750380127,0.315116012021917,69919.68073472708,0.18070674040327717
2.2087,6.1493,6.2946,4.7642,5.736033333333332,2.316,2.3274,0.277,1.6401333333333332,2.41887847476407,0.33902764244766503,75895.38463840331,0.18029612064743428,2.4185418920912958,0.3263130787688679,73049.07778877602,0.1808991174660853
2.2283,6.1052,6.2519,4.7834,5.7135,2.3678,2.3816,0.2905,1.6799666666666664,2.415456978439894,0.3477533820022189,78539.57522882824,0.18024780433527363,2.415742939759135,0.3350584551363243,75672.44520160096,0.18102689561338933
2.2478,6.0747,6.2223,4.8055,5.700833333333333,2.4085,2.4243,0.3035,1.7121000000000002,2.4138361508494675,0.35464296103890114,80796.49789209808,0.1803646411201415,2.4146203389065715,0.3420250111461369,77921.81469261539,0.18128332275365552
2.2674,6.0612,6.2096,4.8314,5.700733333333335,2.4487,2.4658,0.3176,1.7440333333333333,2.4147751273837317,0.36111713127153433,82988.8524882389,0.1808139352795525,2.4159437495491223,0.3485525648830452,80101.37123549003,0.18183675596561388
2.2869,6.0621,6.2117,4.8612,5.711666666666667,2.4988,2.5167,0.3348,1.7834333333333336,2.4181906324044453,0.3687536684318469,85472.62645987075,0.18166182427536523,2.419680107270469,0.35616216672497986,82554.0691298878,0.18276665771288894
2.3065,6.0697,6.221,4.8942,5.7283,2.5663,2.5846,0.3569,1.8359333333333332,2.4231817702376217,0.37882699430206124,88560.06011523478,0.18285400002334803,2.4250023957608913,0.36611170428099177,85587.55059087214,0.18403999938347707
2.326,6.0737,6.2274,4.9288,5.7433000000000005,2.6542,2.6727,0.386,1.9043,2.428381452452896,0.39209243631729995,92436.11846646093,0.1842539109459653,2.4306076027399475,0.37918178619313486,89392.42194539215,0.1855383284202373
2.3456,6.0631,6.22,4.9627,5.748600000000001,2.7594,2.7785,0.4235,1.9871333333333334,2.4321759608281575,0.40850936884038475,97117.94845066452,0.18565844202456785,2.4349255835761165,0.39539525848476437,94000.23416883836,0.18707145789095514
2.3651,6.0297,6.1903,4.9925,5.7375,2.8738,2.8941,0.4698,2.0792333333333333,2.4331185764881673,0.4272774359263629,102424.29713644413,0.18685097399206949,2.4365088843544647,0.41402850157482357,99248.34475828678,0.18842390750383128
2.3847,5.9699,6.1345,5.0142,5.7062,2.9852,3.0073,0.5239,2.1721333333333335,2.43021022002305,0.44690235343359114,108016.45472280092,0.18763254248913094,2.4343072149697123,0.4336606325166028,104815.92615790856,0.1893844107850302
2.4042,5.8879,6.0566,5.0241,5.656200000000001,3.0804,3.1049,0.5829,2.256066666666667,2.423399976848286,0.4654755071840756,113425.56522851481,0.18789142313786117,2.428168265420636,0.45241431696542866,110242.85666438553,0.1898140628969828
2.4238,5.7953,5.9682,5.0199,5.5944666666666665,3.1501,3.1778,0.6416,2.323166666666667,2.4137232371185924,0.4812413103003418,118223.33524825648,0.1876472790746254,2.4190157616007215,0.4684885340564456,115090.44597013695,0.18970049590247828
2.4433,5.7077,5.8846,5.0017,5.531333333333333,3.1936,3.2251,0.6933,2.3706666666666663,2.403048296141267,0.4932623847954705,122151.36341601891,0.18706392022550222,2.4086514231498337,0.48082259182120585,119070.77645204532,0.18918617176113542
2.4629,5.6385,5.8191,4.9738,5.477133333333334,3.2199,3.2558,0.7318,2.4025,2.3935349594548527,0.5018727615633379,125280.63034342795,0.1864228580732631,2.399263527294272,0.4896023358708366,122217.6096276788,0.18855966984564917
2.4824,5.593,5.7769,4.9434,5.4377666666666675,3.2445,3.2855,0.7536,2.4278666666666666,2.3867257172555747,0.5086187007400244,127969.83566223824,0.18601541882053121,2.3925159392355595,0.49626174276871643,124860.79173881844,0.18815037710285218
2.5019,5.5661,5.7527,4.919,5.4126,3.283,3.3296,0.7596,2.4574000000000003,2.3829529502837428,0.5156207552707645,130750.65203497896,0.18602731256139052,2.3889151327670923,0.5029015398218636,127525.32470609003,0.18820121353795402
2.5215,5.5442,5.7328,4.9073,5.3947666666666665,3.345,3.3975,0.7549,2.4991333333333334,2.3812059832356582,0.5247621060353275,134111.17401609445,0.18646382332386607,2.3876200725922248,0.5114864593544052,130718.37460903986,0.18877388742964066
2.541,5.5109,5.7007,4.9112,5.374266666666667,3.4298,3.4883,0.7474,2.555166666666667,2.379604264510405,0.5368889913282248,138271.50490570616,0.18715306890205016,2.3868501964626474,0.5230378426191761,134704.25132515727,0.18973103996753538
2.5606,5.4534,5.6437,4.9292,5.342099999999999,3.5273,3.5916,0.745,2.6213,2.376201472114261,0.5515735998740161,143149.13824031228,0.18782958192799484,2.3846465813459843,0.5373437046246695,139456.07308516497,0.19080822875737055
2.5801,5.3672,5.5576,4.9563,5.2937,3.6219,3.6917,0.7529,2.688833333333333,2.3697184210223834,0.5673318208357583,148360.13077615615,0.18823489458887221,2.379596307482921,0.5530991168666799,144638.20694850944,0.19171226125331695
2.5997,5.258,5.4483,4.9864,5.230899999999999,3.6985,3.7735,0.7735,2.7485,2.3600767154268247,0.5822903937897901,153428.62224082756,0.1882223182938054,2.3713940390148434,0.568511663172401,149798.04258950555,0.1922290989628939
2.6192,5.1389,5.3288,5.0133,5.160333333333334,3.7486,3.8287,0.8056,2.7943,2.348260103888723,0.5949724213626577,157946.1422683419,0.18779316300594187,2.3607933062112187,0.5820309496242305,154510.59557244988,0.19228170910288567
2.6388,5.0247,5.214,5.0328,5.0905000000000005,3.773,3.8581,0.8459,2.8256666666666668,2.3358791740086495,0.6048400743728286,161767.23375256674,0.18709060312678258,2.349260814738812,0.5929326264924275,158582.53256248325,0.19195079913084256
2.6583,4.9265,5.1149,5.0426,5.028,3.7806,3.8704,0.8896,2.8468666666666667,2.324436809690341,0.6123777284025036,164993.52618270344,0.18632716177581224,2.3382943473824898,0.6014688545510407,162054.33770481663,0.1914260119083976
2.6779,4.8478,5.0349,5.0431,4.975266666666666,3.7844,3.8785,0.9322,2.8650333333333333,2.3147887885365876,0.6188541579952552,167967.86189925586,0.1857080473746576,2.3288728862645818,0.6087331899472226,165220.85383375981,0.19093855814274086
2.6974,4.7837,4.9696,5.0363,4.929866666666666,3.7961,3.8938,0.9697,2.886533333333333,2.306797517556894,0.6256581497431192,171051.14461700013,0.18533476364573048,2.321049485219311,0.6160448915335284,168422.93811010112,0.19065351712534018
2.717,4.7244,4.9095,5.0259,4.8866000000000005,3.8216,3.9225,0.9998,2.914633333333333,2.2996098373127847,0.6337234443081082,174515.0708370885,0.18518783666791913,2.314150034165026,0.6243867266621477,171943.92098299143,0.19062535668678815
2.7365,4.6591,4.844,5.0159,4.839666666666667,3.8605,3.9644,1.0221,2.949,2.2920544402775715,0.6433093272520332,178426.28214337523,0.18515373471571112,2.307123671048397,0.6341425200293974,175883.80488931984,0.19080187091751474
2.756,4.5795,4.765,5.0102,4.7849,3.9061,4.0133,1.0383,2.9858999999999996,2.283091358839967,0.6539160135749292,182660.5292089577,0.1850682659726112,2.2989637869473403,0.6449852471301727,180165.86859325785,0.19105330384068156
2.7756,4.4829,4.6694,5.011,4.7211,3.9487,4.0601,1.0516,3.020133333333334,2.2721753525634703,0.6645907257831175,186962.57497925078,0.18478299678602703,2.289063082126009,0.6561209805263595,184579.86736509344,0.19122906182543267
2.7951,4.3728,4.56,5.0183,4.650366666666667,3.9793,4.0956,1.066,3.0469666666666666,2.2594286182607903,0.6742781431643744,191020.49137696312,0.1842132673056745,2.2773960977110543,0.6665921581466371,188843.08039354606,0.1912032020781679
2.8147,4.2571,4.4444,5.0302,4.577233333333333,3.993,4.1149,1.0843,3.0640666666666667,2.2455923493377905,0.6822401820994444,194631.411943748,0.18337058260462838,2.264534461694149,0.67564945422619,192751.19042445687,0.19092337920538696
2.8342,4.1441,4.3308,5.0436,4.506166666666666,3.9909,4.1185,1.1074,3.072266666666667,2.2315920020540534,0.6883576083439132,197737.08892212124,0.18234412849454892,2.2512868987658177,0.6830645734031003,196216.61568543044,0.19041898066410137
2.8538,4.0387,4.2242,5.0563,4.439733333333334,3.979,4.112,1.1341,3.0750333333333337,2.218150940459595,0.6931524084416443,200491.42181531902,0.18126418735666613,2.2383731529654205,0.689220545396331,199354.146949449,0.18979744938477763
2.8733,3.9398,4.1241,5.0681,4.3773333333333335,3.9635,4.1013,1.1622,3.0756666666666668,2.2053539270932627,0.6973181558028891,203074.53678572804,0.1802074566090569,2.225962955540945,0.6947428525895026,202324.55128371692,0.18915923776479612
2.8929,3.8428,4.0264,5.0806,4.3166,3.9468,4.0893,1.191,3.0757,2.1928155199026222,0.7013129859954165,205631.11369839768,0.17917506481189316,2.213747195003727,0.7001229431985037,205282.18272098165,0.188544609879555
2.9124,3.7438,3.9271,5.0956,4.2555000000000005,3.9266,4.0741,1.2215,3.074066666666667,2.1800438617288127,0.7050469764926837,208119.41784216772,0.17809949874162442,2.2012332590227826,0.7053568141423939,208210.87732420684,0.18790593460823848
2.932,3.6424,3.826,5.1135,4.193966666666667,3.898,4.0513,1.2564,3.068566666666667,2.166869197577102,0.7080645823240745,210416.7763676167,0.17691031225928627,2.188154837959827,0.7100439045424741,211004.97497405089,0.18714814005472258
2.9515,3.5428,3.7263,5.1328,4.133966666666667,3.8577,4.0182,1.2984,3.0580999999999996,2.153614606357872,0.7099923985869889,212392.9084723243,0.17560054936004812,2.1747111074221652,0.7137694745109581,213522.81372568922,0.18620640105118216
2.9711,3.45,3.6328,5.1502,4.0776666666666666,3.8063,3.9751,1.3493,3.0435666666666665,2.140788821792031,0.710851681325328,214062.10403009967,0.17422689009172063,2.1613301687662223,0.7164275558396231,215741.19329962556,0.18507417093598497
2.9906,3.3675,3.5482,5.1619,4.0258666666666665,3.7476,3.9256,1.4089,3.027366666666667,2.1287301416581554,0.7110733783072491,215534.2407597105,0.17287324869097456,2.148369354374422,0.7182971721264998,217723.85292033348,0.18380290058367918
3.0102,3.2951,3.4718,5.1642,3.9770333333333334,3.6859,3.8736,1.4753,3.0116,2.1172710381215842,0.7111985064207588,216985.00018780542,0.1715804219455563,2.1357559801387525,0.7198149340879145,219613.85210762356,0.18244157188973564
3.0297,3.2301,3.401,5.1544,3.9284999999999997,3.6237,3.8209,1.5451,2.9965666666666664,2.105873115851179,0.7114784466621282,218476.5859602292,0.1703158320249208,2.1230673732020375,0.7212001678253959,221461.8744947906,0.18099282978534637
3.0492,3.1698,3.3329,5.1312,3.877966666666667,3.5602,3.7658,1.614,2.9800000000000004,2.0938809351228134,0.7115972904699125,219919.4913570769,0.16896872376497385,2.109729865804544,0.7221625014197569,223184.67497889147,0.1793828227658586
3.0688,3.1141,3.268,5.0955,3.8258666666666663,3.4923,3.7046,1.6772,2.9580333333333333,2.0810934445861173,0.7106920981920684,221051.56694126257,0.16741442798698072,2.0955755226098227,0.7218726445238287,224529.13098366893,0.1775042099650427
3.0883,3.0664,3.2107,5.0498,3.7756333333333334,3.4177,3.6346,1.7307,2.9276666666666666,2.068013123094865,0.7078452825012288,221565.09783362094,0.16559798898022443,2.081116249207002,0.7194118476628351,225185.58836309728,0.175295039745472
3.1079,3.0325,3.1676,4.9977,3.7326,3.3379,3.5573,1.7717,2.8889666666666667,2.0557970839754596,0.7026390613124229,221331.30848652666,0.16359590983036865,2.0675479268808594,0.7143239900997557,225012.06112393562,0.17282071089034676
3.1274,3.0166,3.1439,4.944,3.7015,3.2586,3.4791,1.7988,2.8455,2.045767568118146,0.6954602380898799,220444.49716122632,0.16160202469627,2.056283795729156,0.7069793950572572,224095.79830875003,0.17029271515616337
3.147,3.0192,3.1403,4.8935,3.6843333333333335,3.1884,3.4095,1.8127,2.8035333333333337,2.038876181129075,0.6875192714696418,219293.1896954221,0.1598716735757002,2.0483915333557197,0.6986263152951211,222835.92539702603,0.16801855139903624
3.1665,3.0354,3.1518,4.8506,3.679266666666667,3.1355,3.3577,1.8157,2.769633333333333,2.0352477988922493,0.6804167371758855,218372.53008477887,0.15861442108397497,2.0440894554433666,0.6909775214737991,221761.90171662168,0.16628685079944341
3.1861,3.0564,3.169,4.8182,3.6812000000000005,3.1049,3.3295,1.8117,2.7487,2.0341325383553586,0.6756442729691512,218183.05977954456,0.1579231386204433,2.042655701359038,0.6856703818455552,221420.75038072953,0.16526276381801427
3.2056,3.0715,3.1804,4.7974,3.6830999999999996,3.0964,3.325,1.8055,2.7423,2.034083079063067,0.6740875110330178,219012.6176274952,0.15773429120158475,2.0425968632392757,0.6837346526599855,222146.99662987053,0.16492636540659278
3.2252,3.0711,3.1752,4.7874,3.6778999999999997,3.1045,3.3387,1.8017,2.7483,2.0333724628101972,0.6757984703406836,220911.02007978526,0.15785400702510538,2.04208890680403,0.6853370587087905,224029.07875999712,0.1650928791639652
3.2447,3.0498,3.1472,4.7852,3.660733333333333,3.1193,3.3601,1.804,2.7611333333333334,2.0305192620960995,0.6799081852794204,223598.2210067695,0.15801308188765154,2.039510338694319,0.6896657713881321,226807.1526573447,0.16545992824216835
3.2643,3.0082,3.0968,4.7868,3.6306,3.1299,3.3774,1.8143,2.7738666666666667,2.024794011286875,0.6849750273865419,226625.26708635112,0.15796460566160433,2.0339786172755407,0.6952681571273999,230030.76828480582,0.16571641713059562
3.2838,2.9524,3.0301,4.788,3.5901666666666667,3.1282,3.3819,1.8323,2.7807999999999997,2.016349163538315,0.689563109972535,229506.1056388262,0.15756058416794802,2.0255233236490757,0.7006229652897197,233187.138289887,0.16563648065575778
3.3033,2.8905,2.9554,4.7854,3.5437666666666665,3.1118,3.3703,1.8556,2.7792333333333334,2.005912194034504,0.6927604661855722,231939.45837888608,0.1567745399834908,2.0148256394106543,0.7046905916185943,235933.72041661918,0.16513085078157544
3.3229,2.8284,2.8786,4.7776,3.494866666666667,3.0826,3.3445,1.8804,2.7691666666666666,1.994220722899556,0.694297936750039,233833.4686188859,0.1556537592174007,2.002662543145193,0.7071023359389579,238145.8782019259,0.16422682886900147
3.3424,2.768,2.8016,4.7659,3.4451666666666667,3.0437,3.307,1.9029,2.7512000000000003,1.9816725962944384,0.6941610852227844,235159.32858947729,0.15423656177902278,1.9894970550065556,0.7078264504373027,239788.7124273004,0.16298267435582087
3.362,2.7086,2.7238,4.7533,3.3952333333333335,2.9957,3.2574,1.921,2.7247,1.9683212156512602,0.6921380459485817,235848.9554429853,0.15249765332849607,1.9753914281360163,0.7066970184976733,240809.9866825271,0.16139716309641164
3.3815,2.6504,2.6463,4.7436,3.346766666666666,2.9363,3.1921,1.9348,2.6877333333333335,1.954376324587262,0.6876191907157252,235668.157351388,0.15037825423197906,1.9604766117212886,0.7031402245404297,240987.69102794142,0.15940000669250864
3.4011,2.5976,2.5747,4.7403,3.3042000000000002,2.862,3.107,1.9464,2.6384666666666665,1.9406938844707893,0.6797740457110149,234329.7913043029,0.14786292663754091,1.945472701311744,0.6962687382952085,240015.7951981996,0.15690466642434062
3.4206,2.5575,2.5185,4.7456,3.2738666666666667,2.7726,3.0017,1.9597,2.578,1.9288486743011217,0.6682743012315584,231686.4191692464,0.1450844746445535,1.931855779839159,0.6855748708135936,237684.41581323408,0.15393245318876636
3.4402,2.538,2.4875,4.7597,3.2617333333333334,2.6728,2.8822,1.98,2.5116666666666667,1.9207358155090632,0.6538292893760055,227977.29095921107,0.14235544439803455,1.9215535811183264,0.6715064901364661,234140.97987097283,0.15069297449346056
3.4597,2.5434,2.4873,4.7796,3.2701,2.5717,2.7596,2.0131,2.4481333333333333,1.9176889144810005,0.6383030414492152,223825.1482846413,0.14008253094826625,1.916105619893666,0.6556978357478923,229924.74700258346,0.14756404866051506
3.4793,2.5728,2.5169,4.7992,3.2963,2.4797,2.6466,2.0633,2.396533333333333,1.9198580523284665,0.6241433658146599,220099.8574250544,0.13860642904523532,1.915987483706027,0.6405211908550467,225875.38457756452,0.14496639177950377
3.4988,2.6203,2.5695,4.8097,3.333166666666667,2.4051,2.5535,2.1313,2.3633,1.92602454311861,0.6135176232420578,217565.3279422513,0.1380534889345432,1.9203005381309974,0.6282616722762131,222793.85560273062,0.14318495888825183
3.5184,2.6775,2.6352,4.8022,3.3716333333333335,2.3521,2.4855,2.2128,2.3501333333333334,1.9341023934270292,0.6075514257466844,216656.52937515138,0.13829979530471476,1.9271565299367943,0.6203007820097645,221203.02727256226,0.1422625753047886
3.5379,2.7362,2.7038,4.7709,3.4036333333333335,2.3209,2.4431,2.2994,2.3544666666666667,1.9419397902543714,0.6062151562274387,217378.14026234535,0.13906860336751017,1.934441172373454,0.6169009168080197,221209.8669000474,0.14204118578627808
3.5575,2.7896,2.7675,4.7146,3.4238999999999997,2.309,2.4231,2.3803,2.3708,1.947881782381821,0.6085584919586455,219427.35156474097,0.14004130632297834,1.9404148342144536,0.6173531436913359,222598.43070197807,0.1422557986588894
3.577,2.8331,2.8208,4.6374,3.4304333333333332,2.3126,2.421,2.4452,2.392933333333333,1.951027498672209,0.6132495146690314,222330.82464979365,0.14095533945288868,1.9440250741489689,0.6204879184252238,224955.07503689898,0.14264932621776957
3.5965,2.8633,2.8605,4.5477,3.423833333333333,2.3277,2.4318,2.4868,2.415433333333333,1.9511451903970127,0.6189783685041523,225631.15269282003,0.14163614721735673,1.94486388965585,0.6250757122005397,227853.767822174,0.1430241344044669
3.6161,2.8772,2.8841,4.4567,3.406,2.3494,2.4505,2.5028,2.4342333333333332,1.9483898144961806,0.6246782125482379,228949.82528417607,0.14198327766842414,1.9429056404543654,0.6300622089033122,230923.10528668575,0.1432435636290931
3.6356,2.8732,2.8902,4.3749,3.3794333333333335,2.3717,2.4713,2.4961,2.4463666666666666,1.9431156479412663,0.6294958998602568,231959.6933797702,0.1419413294809013,1.9383555599440434,0.6345448438424215,233820.1526746672,0.14320878353783867
3.6552,2.8523,2.8794,4.31,3.347233333333333,2.3873,2.4875,2.4746,2.4498,1.9358697726545293,0.632738842923497,234411.63634997988,0.14149163750820112,1.9316463175889063,0.6377392043704675,236264.12718760563,0.14285079748010057
3.6747,2.8186,2.8553,4.2646,3.3128333333333333,2.3896,2.4926,2.4483,2.4435000000000002,1.927346812885954,0.633902519168611,236095.59953643364,0.14065071263537596,1.9234000471076722,0.6390284261022484,238004.73230380667,0.14213049169691275
3.6943,2.7793,2.8243,4.2362,3.2799333333333336,2.3744,2.4823,2.4266,2.427766666666667,1.9184135664315471,0.6327537266071804,236924.73146752198,0.13948513170938218,1.9144504380764662,0.638048548107494,238907.29452385788,0.1410522758040065
3.7138,2.7425,2.7938,4.218,3.2514333333333334,2.3418,2.4556,2.416,2.4044666666666665,1.909889009934376,0.6294781147385322,236942.33983619986,0.13810724151168227,1.90563834355102,0.6348415016175438,238961.1764038344,0.1396702099722206
3.7334,2.7147,2.7704,4.2014,3.2288333333333328,2.2951,2.4152,2.4186,2.3763,1.9023464435289228,0.6245707789144539,236335.9071522948,0.13664151024425136,1.8976280820228764,0.6297745402981172,238304.99649930152,0.13807433639073874
3.7529,2.6995,2.7587,4.1784,3.2121999999999997,2.2394,2.3657,2.4315,2.3455333333333335,1.8959965214848669,0.618548954798822,235279.77448222,0.13517603905284292,1.890782480283191,0.6232992678665307,237086.66879287965,0.1363587706623014
3.7725,2.6981,2.7601,4.1435,3.200566666666667,2.18,2.3124,2.4482,2.3135333333333334,1.8907342267317877,0.6118081802888743,233931.14873450805,0.13374905970266243,1.8851649289814605,0.6158391495138154,235472.4312666551,0.1346072701024684
3.792,2.7101,2.7745,4.0963,3.193633333333333,2.1212,2.26,2.4603,2.2805,1.886519733490906,0.604419863602501,232300.73435063014,0.13236728898460884,1.88085576606508,0.6075819369187198,233516.03516660607,0.13289200461088105
3.8116,2.7342,2.8003,4.0406,3.1916999999999995,2.0663,2.2124,2.4605,2.2464,1.8834384976779226,0.5963560803205333,230386.2179482578,0.131040685417104,1.8779752475336888,0.5986543644831345,231274.09855091295,0.1312821549777151
3.8311,2.7686,2.8352,3.984,3.195933333333333,2.0183,2.1724,2.445,2.2119,1.8818395728830035,0.5876962180711662,228202.24344533737,0.1298240165413707,1.8768156897344077,0.5892741982868849,228814.97263138046,0.1298672407578497
3.8506,2.8111,2.8764,3.9344,3.2073,1.9796,2.142,2.4147,2.1787666666666667,1.882105752451094,0.578810904708523,225896.04980319706,0.128811601678609,1.8776531488617572,0.5798844219293956,226315.01789384312,0.12874582303603088
3.8702,2.8585,2.9207,3.8978,3.2256666666666667,1.9522,2.1225,2.3744,2.1496999999999997,1.8844127238236552,0.5703899079067061,223742.64452163436,0.1281095746616933,1.8805521853554656,0.5711801907942423,224052.64296432503,0.12800790870846493
3.8897,2.907,2.9646,3.8767,3.2494333333333336,1.9369,2.1141,2.3307,2.1272333333333333,1.8885494425617755,0.5631923860165897,222032.4275348799,0.1277817920142679,1.8852216379558653,0.5638781623941158,222302.7873579683,0.1276933323819629
3.9093,2.9523,3.0044,3.8701,3.2755999999999994,1.9329,2.1155,2.2899,2.112766666666667,1.8938668518965212,0.5577917646509677,221011.37320992647,0.12781269962832378,1.890970098727057,0.5584928016992721,221289.14203072243,0.12776463630433751
3.9288,2.991,3.0374,3.8749,3.3011,1.9374,2.124,2.2564,2.105933333333333,1.8995706648106325,0.5543182394699893,220730.6365043195,0.12811525381403416,1.8969923378345825,0.5550990370721055,221041.5516779947,0.12811827696468495
3.9484,3.0213,3.0622,3.8871,3.3235333333333337,1.9464,2.1361,2.2325,2.105,1.9049412488702862,0.5525104780129984,221108.37219450762,0.12856732951940084,1.902575045484151,0.5533928157789063,221461.47367386284,0.12862035815098924
3.9679,3.0436,3.0793,3.9031,3.342,1.956,2.1482,2.2191,2.107766666666667,1.9096017044730458,0.551886464525414,221949.40581158065,0.1290658346879619,1.9073542898466327,0.5528595974824537,222340.76580221998,0.12915809466363312
3.9875,3.0599,3.0906,3.9196,3.3567,1.9628,2.1574,2.2162,2.112133333333334,1.9134553306603244,0.5519160284249872,223057.70440630117,0.12953867190049684,1.9112499866818287,0.5529407786808824,223471.85878468017,0.12965059885026356
4.007,3.0732,3.0984,3.933,3.3682,1.9654,2.1623,2.2234,2.117033333333333,1.9165680429675855,0.5522979841757536,224303.64241460463,0.12996002373817017,1.914353837150486,0.5533114445339758,224715.23698185864,0.13006628154291278
4.0266,3.0862,3.1051,3.9396,3.3769666666666667,1.9638,2.1624,2.2387,2.1216333333333335,1.9189975321927664,0.5527973063386442,225604.59082870404,0.1303109218298121,1.9167591356494327,0.5537233441669231,225982.52028484503,0.13038613957955025
4.0461,3.1011,3.1131,3.9362,3.3834666666666666,1.9588,2.1578,2.2584,2.125,1.9207938486669474,0.5531567069195827,226844.5346153002,0.13056932974552934,1.9185582763757976,0.5539211276014181,227158.01658460847,0.13059468366353602
4.0657,3.1195,3.1246,3.9216,3.3885666666666663,1.9512,2.1489,2.2766,2.1255666666666664,1.9220586463395177,0.5529401172838094,227854.15660950914,0.13070022231185335,1.9198908137112471,0.5534939830142985,228082.39219045313,0.13067004214907696
4.0852,3.1429,3.1421,3.8986,3.3945333333333334,1.9426,2.137,2.2869,2.1221666666666668,1.923257387519111,0.5517115598875036,228438.30679513246,0.130713384846364,1.9212397486523003,0.5520529233813118,228579.6496710061,0.13063764891341723
4.1048,3.1729,3.1682,3.8737,3.4049333333333336,1.9351,2.1249,2.2856,2.1151999999999997,1.9252765608232414,0.5493236771904467,228540.8539153318,0.13070248187825023,1.923479518231579,0.5494963033074144,228612.673357708,0.13060152346905277
4.1243,3.2101,3.2039,3.8546,3.4228666666666663,1.9319,2.1168,2.2734,2.107366666666667,1.9290470527128096,0.5462196123477359,228328.9940955268,0.13083207234966304,1.927505289457053,0.5462958591325132,228360.86653525196,0.1307285719020949
4.1438,3.2534,3.2483,3.8478,3.449833333333333,1.9368,2.1178,2.2562,2.1036,1.9352567811934853,0.5434937679698238,228263.71447779948,0.13130683968414927,1.9339615750108716,0.5435456497223664,228285.50446371455,0.13121803188496184
4.1634,3.2998,3.2976,3.8548,3.484066666666667,1.9533,2.1323,2.2426,2.1093999999999995,1.943828565241083,0.5425890013449776,228961.59902173167,0.1322706645963403,1.9427433484731378,0.5426671686024028,228994.58402549484,0.1322060593028764
4.1829,3.3445,3.3461,3.8716,3.5207333333333337,1.9832,2.163,2.2412,2.1291333333333333,1.953866963625855,0.5448511523482211,230993.0330320641,0.13375073964681497,1.9529468949917874,0.5449773214243785,231046.52319621414,0.13371319092502132
4.2025,3.382,3.3867,3.8895,3.5527333333333337,2.0256,2.2092,2.2568,2.163866666666667,1.9637424777562014,0.5509547945255864,234675.20956581214,0.13561211221012204,1.9629494366685618,0.5511276407930644,234748.83218321405,0.13560036938213743
4.222,3.4075,3.4136,3.8982,3.5731,2.0772,2.2667,2.2883,2.210733333333333,1.9716506039697206,0.5606300956371895,239904.3718101403,0.1376062497730836,1.9709607645005358,0.5608354923007766,239992.26498236423,0.13761698799117586
4.2416,3.419,3.4236,3.8895,3.5773666666666664,2.1327,2.3293,2.3286,2.263533333333333,1.9761962036949168,0.572699544989809,246206.81723554278,0.13944934050257218,1.9756036011101836,0.572920872905396,246301.96737515568,0.1394798080337743
4.2611,3.4167,3.4171,3.8602,3.564666666666666,2.1868,2.3903,2.3672,2.314766666666667,1.9767346774593475,0.5855026203217583,252868.12886042972,0.14090149829892923,1.9762466547820938,0.5857292324472843,252965.99859178523,0.14095118663163742
4.2807,3.4031,3.3971,3.814,3.538066666666667,2.2358,2.4447,2.3931,2.3578666666666668,1.9735532978338743,0.5973658449595978,259178.34117273113,0.1418274920494283,1.9731828685736386,0.597601115588076,259280.41773390412,0.14190038169428562
4.3002,3.3811,3.3676,3.7596,3.502766666666666,2.2776,2.4899,2.3994,2.3889666666666667,1.967567177971765,0.6070864297322985,264595.653342226,0.142205876075618,1.9673234364098884,0.6073443559211232,264708.0692110443,0.14230989649710143
4.3198,3.353,3.3319,3.7077,3.4642000000000004,2.3116,2.5251,2.3851,2.4072666666666667,1.9599342912136146,0.6141192277359612,268880.84280307783,0.1421061549738271,1.9598190181417676,0.6144188436024426,269012.0241161816,0.14225284008986852
4.3393,3.3204,3.2927,3.6678,3.4269666666666665,2.3368,2.5497,2.3549,2.4138,1.9517541323450711,0.618366821926431,271962.7234814243,0.14163616061632936,1.951762726162111,0.6187290595940906,272122.03853383515,0.14183997556496145
4.3589,3.2853,3.2525,3.6445,3.3941,2.3517,2.5634,2.3172,2.410766666666667,1.9438669098150616,0.6200956080105366,273954.9087701547,0.14091498090719423,1.9439886119341372,0.6205447984967343,274153.3587141262,0.14119064800881945
4.3784,3.2512,3.2149,3.6374,3.3678333333333335,2.3553,2.5659,2.2807,2.4006333333333334,1.9369684813471786,0.6196882800239663,274999.7146531182,0.14006125109538706,1.937177316544281,0.6202496970306091,275248.85526397865,0.14041591195586767
4.3979,3.2225,3.1837,3.6418,3.3493333333333335,2.3481,2.5585,2.2515,2.3860333333333332,1.931535001187934,0.6176521087802895,275316.8576957428,0.13918630438558877,1.9317868435967787,0.6183369616378832,275622.12911642814,0.13961154484624286
4.4175,3.2035,3.1628,3.6516,3.3393,2.3328,2.5444,2.232,2.3697333333333335,1.9279521623544364,0.6145726485348552,275165.07568407594,0.1384034907862346,1.9281977352025557,0.6153611148348118,275518.098861432,0.13887409048727803
4.437,3.1968,3.1538,3.6613,3.3373000000000004,2.3145,2.5289,2.2205,2.3546333333333336,1.9263494530059304,0.6111646382900819,274847.10854109656,0.1378135338329605,1.926563058131593,0.612009505241662,275227.05401600717,0.13829982146588563
4.4566,3.2022,3.1558,3.6683,3.3421000000000003,2.2984,2.5172,2.213,2.3428666666666667,1.9266034570371042,0.6080303287397107,274645.45978251315,0.1374745268014267,1.9267953415551542,0.6088808350481325,275029.63090866175,0.1379568061053231
4.4761,3.2173,3.1657,3.6734,3.352133333333333,2.2893,2.5134,2.2058,2.3361666666666667,1.9284735328223654,0.6057035854797638,274791.5985316701,0.13742175305479473,1.9286804268792608,0.6065301611678763,275166.5939256035,0.13789783173532635
4.4957,3.2383,3.1792,3.6794,3.3656333333333333,2.2899,2.5194,2.1972,2.3355,1.9316085437687263,0.6045479575906328,275468.2859223639,0.1376561713232653,1.931872487163613,0.6053491240210254,275833.34536975395,0.13813841960361495
4.5152,3.2612,3.1921,3.6895,3.3809333333333336,2.3012,2.5352,2.1882,2.3415333333333335,1.935656803807587,0.6048420692984822,276797.71977163083,0.13816778221306247,1.9360102117498927,0.6056380738594421,277162.0003972445,0.13867619368154419
4.5348,3.2822,3.2013,3.705,3.3961666666666663,2.3227,2.5594,2.1823,2.3548000000000004,1.9402119863776106,0.6068409061827386,278917.9802669656,0.13893711707080827,1.9406705432450277,0.607661240755032,279295.0248262827,0.13949108972807187
4.5543,3.2982,3.2045,3.7248,3.4091666666666662,2.353,2.59,2.183,2.3753333333333333,1.9447672052384335,0.6106986293616853,281898.0721209914,0.13992182620231558,1.9453317109958732,0.6115749822795425,282302.59603207296,0.14053650258700187
4.5739,3.3069,3.2004,3.7452,3.4175000000000004,2.3901,2.6248,2.1931,2.4026666666666667,1.9487268489675407,0.6164708686442201,285787.18432560086,0.14105953137945124,1.9493842297368884,0.6174284208781068,286231.0920115699,0.14174175036979317
4.5934,3.307,3.1884,3.761,3.4187999999999996,2.4315,2.6619,2.2123,2.4352333333333336,1.9514412913161434,0.6239576215205785,290491.1363655326,0.14225460105550328,1.9521738194596772,0.6250079418713513,290980.1259086049,0.14300358554256146
4.613,3.2974,3.1681,3.7683,3.4112666666666667,2.4748,2.6993,2.2377,2.4705999999999997,1.952335317064993,0.6327294236817195,295831.90554393944,0.14339608274358476,1.9531281294219045,0.6338737877984727,296366.951654685,0.14420802468805952
4.6325,3.2776,3.139,3.765,3.3938666666666664,2.5173,2.735,2.2641,2.5054666666666665,1.950943485576024,0.6421166694961741,301489.9904021037,0.14435880372697335,1.951793668869749,0.6433523018754101,302070.15100508067,0.1452330589922696
4.6521,3.2476,3.1011,3.7522,3.3669666666666664,2.5556,2.7664,2.2865,2.536166666666667,1.947081031758691,0.6512740418347887,307083.3966828787,0.14502754371180127,1.9479941712979922,0.6526047229854522,307710.8285493423,0.14596968795912765
4.6716,3.2092,3.0558,3.7332,3.3327333333333335,2.5864,2.7903,2.3014,2.5593666666666666,1.9409807425671806,0.659297284753479,312169.4954344399,0.14532273909777615,1.9419626991497925,0.6607370518738651,312851.20820030104,0.14634268758786043
4.6911,3.1655,3.0059,3.7122,3.2945333333333338,2.6067,2.8041,2.3074,2.5727333333333333,1.9332089827037198,0.6654048673349314,316376.4799648923,0.14521038569558745,1.9342578901681318,0.6669763898553448,317123.68334076373,0.14631862109658808
4.7107,3.1211,2.9556,3.693,3.2565666666666666,2.6156,2.807,2.305,2.5758666666666667,1.924670434429205,0.6691708410407899,319496.4088942811,0.14473220489989688,1.925774754328935,0.6708968263929078,320320.4826404535,0.14593516612858262
4.7302,3.0802,2.909,3.6785,3.222566666666667,2.6143,2.8002,2.296,2.5701666666666667,1.9163172299495692,0.6706005212754633,321504.39632768114,0.14398640988250283,1.917457684201633,0.6724982304534594,322414.21047831234,0.1452848055918716
4.7498,3.0459,2.8685,3.6704,3.1949333333333336,2.6061,2.787,2.2828,2.5586333333333333,1.9089425385621945,0.6701703381968959,322629.4818692076,0.14311458765697269,1.9101005407425207,0.6722507414119745,323631.01740891184,0.144506252328813
4.7693,3.0189,2.8344,3.6695,3.1742666666666666,2.5947,2.7706,2.268,2.544433333333333,1.9029515614247523,0.668549159345995,323170.35400846053,0.14224332926329109,1.9041099821212457,0.6708228054690185,324269.41308615985,0.14372629500332298
4.7889,2.9983,2.8056,3.6755,3.1598,2.5831,2.7538,2.2541,2.5303333333333335,1.898404123768248,0.6664369566135195,323473.24577232107,0.14146800458759914,1.899546750636354,0.6689160981269179,324676.56432197476,0.14304162467710083
4.8084,2.9821,2.78,3.687,3.1496999999999997,2.573,2.7373,2.243,2.5177666666666667,1.8949985695360148,0.6643188831754989,323758.15119466063,0.14081780339250044,1.8961034429946206,0.6670184068936278,325073.77360164357,0.1424810866150288
4.828,2.9685,2.7561,3.7027,3.1424333333333334,2.5648,2.7211,2.2353,2.5070666666666668,1.8924081522645233,0.6624011484167991,324139.42968860903,0.14028343216152142,1.8934490674056128,0.665337064180002,325576.09093742014,0.14203515885721804
4.8475,2.9562,2.7332,3.7216,3.137,2.5581,2.7042,2.231,2.4977666666666667,1.890362209769141,0.6606582203554802,324592.27993824857,0.13983179089180514,1.8913055422970981,0.6638451076180137,326158.0502118634,0.14166828676018567
4.8671,2.9446,2.711,3.7436,3.1330666666666667,2.5522,2.6857,2.23,2.4893,1.888737210968081,0.6589852695082177,325079.4390728337,0.13943575071443567,1.88954081513486,0.6624377736159343,326782.569856881,0.1413513890940127
4.8866,2.9333,2.6903,3.7689,3.1308333333333334,2.5464,2.6645,2.2328,2.4812333333333334,1.8875459615897119,0.657264348478066,325529.5305950699,0.13908160181655227,1.8881533545504794,0.6609909283061387,327375.22903431527,0.1410641650395438
4.9062,2.9228,2.672,3.7979,3.1309,2.5398,2.6401,2.2407,2.4735333333333336,1.8869287870921714,0.6554389731753317,325927.5222849856,0.13877781149941779,1.8872661820039107,0.6594365939449777,327915.40321030415,0.1408057257727433
4.9257,2.914,2.6578,3.8297,3.133833333333333,2.5322,2.6126,2.2557,2.466833333333333,1.887072911573681,0.6536136781477548,326311.6769760243,0.1385589649793647,1.8870539173145584,0.6578493451337133,328426.3016289491,0.14059495992834362
4.9452,2.908,2.6493,3.8622,3.1398333333333333,2.5237,2.5826,2.2793,2.4618666666666664,1.8880860944436975,0.6519476717485244,326768.45504754037,0.13845790655750762,1.8876266126613712,0.6563480748055982,328974.0199584326,0.1404494598658885
4.9648,2.9057,2.6479,3.8928,3.1487999999999996,2.5157,2.5518,2.3119,2.4598,1.8900386722942555,0.6507274258611148,327449.54767568654,0.13851947590930494,1.8890829537084872,0.6551820066251033,329691.11672331445,0.14040768301181458
4.9843,2.9073,2.6544,3.9188,3.1601666666666666,2.5098,2.5228,2.3529,2.4618333333333333,1.892890897275229,0.6502840012800218,328511.6450779947,0.13878149133027814,1.8914307950541052,0.6546604143012885,330722.5293044665,0.1405122128921106
5.0039,2.9121,2.6683,3.9383,3.1729,2.5077,2.498,2.4005,2.4687333333333332,1.89645608618977,0.6508807009323753,330106.0942286476,0.13925618766386805,1.8945348000870113,0.6550541012830338,332222.7108181929,0.14079233927956056
5.0234,2.9186,2.6881,3.9503,3.1856666666666666,2.5107,2.4801,2.4532,2.481333333333333,1.9004830989247865,0.6528164693327626,332378.09095251304,0.13995283807786557,1.8981826716823882,0.6566918250946312,334351.20806950034,0.14127926633641807
5.043,2.9247,2.7114,3.9541,3.196733333333333,2.5194,2.4709,2.5094,2.4999,1.9045847469802837,0.6562847896276569,335447.7109288274,0.14085236224434874,1.9020068446770253,0.6598072792540285,337248.16570183425,0.1419743223719914
5.0625,2.9283,2.7351,3.9489,3.2041000000000004,2.5334,2.471,2.5677,2.5240333333333336,1.9082646578322737,0.6613425771351215,339339.9919108985,0.14190726789594207,1.9055103720207767,0.6644940682971473,340957.04640338523,0.1428436467316934
5.0821,2.9275,2.7559,3.9338,3.2057333333333333,2.5515,2.48,2.6262,2.5525666666666664,1.9109653331819736,0.6678736192498984,344017.88477159967,0.1430431937612858,1.9081252363295345,0.670665741045921,345456.0907534008,0.14382104022831346
5.1016,2.9212,2.7711,3.9084,3.2002333333333333,2.5718,2.4959,2.6822,2.5833,1.9121990017681834,0.6754788590547478,349270.3268712099,0.1441595077809706,1.909347133731514,0.6779426092141735,350544.25989217195,0.14480831996789914
5.1212,2.909,2.7793,3.8736,3.1873,2.5922,2.5157,2.7324,2.6134333333333335,1.9116826569996286,0.683542669533629,354797.77899656893,0.14515120066882903,1.9088751732743596,0.6857220190364108,355928.9861584742,0.14570019460023162
5.1407,2.8914,2.7805,3.8319,3.1679333333333335,2.6105,2.5368,2.7743,2.6405333333333334,1.9094548179981814,0.6914364530765893,360261.6699459118,0.14594551337304737,1.9067284482116011,0.6933825589099433,361275.6566026695,0.14642154867794735
5.1603,2.87,2.7759,3.7869,3.1442666666666668,2.625,2.5567,2.8067,2.6628000000000003,1.9058557240059142,0.6985838346679951,365373.46840373497,0.1465059892826812,1.9032272659327354,0.7003470049649186,366295.6421140378,0.1469311179201296
5.1798,2.8468,2.7672,3.7419,3.1186333333333334,2.635,2.5746,2.8306,2.680066666666667,1.9014000022493993,0.7047614030440958,369997.3625470073,0.1468579262986104,1.8988708159360854,0.7063844937564389,370849.4797034627,0.14724832824110756
5.1994,2.8236,2.7559,3.6988,3.0927666666666664,2.6408,2.5903,2.8478,2.6929666666666665,1.896530223951315,0.709971987964426,374143.29724384093,0.14704681549353468,1.8940938005581505,0.7114866402388462,374941.49351881543,0.1474130161101376
5.2189,2.8019,2.7429,3.6579,3.0675666666666666,2.6435,2.6042,2.8606,2.7027666666666668,1.8915541539959053,0.7144301581207907,377904.6884046355,0.14713181165122588,1.8892029163786492,0.715854987616067,378658.3656400121,0.14747919656144806
5.2384,2.7823,2.7287,3.6185,3.0431666666666666,2.6447,2.617,2.87,2.7105666666666663,1.8865924789641757,0.7183763046047154,381411.8501473907,0.14715642036150287,1.8843263387722107,0.7197241038649596,382127.4453113485,0.14748914408495117
5.258,2.7646,2.7131,3.58,3.0192333333333337,2.646,2.6293,2.8761,2.717133333333333,1.8816320269107758,0.7220150631136592,384778.1174203065,0.14714614838654363,1.8794575568225351,0.7233006822080413,385463.2528421669,0.14747017417849698
5.2775,2.7474,2.6954,3.5421,2.9949666666666666,2.6484,2.6415,2.8782,2.7227,1.8765058936801646,0.7254706764230561,388053.52283161844,0.1471003326351809,1.8744325935657715,0.7267173724600199,388720.3792667114,0.14742566189839315
5.2971,2.7289,2.6744,3.5057,2.9696666666666665,2.6523,2.6533,2.8754,2.7270000000000003,1.8710253022360812,0.728744821553438,391252.5480600007,0.14699969942818197,1.8690572088981263,0.7299882269484533,391920.1144216172,0.1473413261676871
5.3166,2.7075,2.6491,3.4723,2.942966666666667,2.6566,2.6637,2.8673,2.7292,1.8650256662803242,0.7316789386183669,394273.93426337634,0.14680508656513616,1.8631547740277412,0.7329621384184201,394965.4018004471,0.14718070306168277
5.3362,2.6822,2.619,3.4439,2.9150333333333336,2.6589,2.6702,2.8545,2.727866666666667,1.8584079826432685,0.7339256751326318,396942.59543987684,0.1464565626986972,1.8566059090076275,0.7352916149726877,397681.3619440308,0.14688271541417444
5.3557,2.6535,2.5851,3.4221,2.8869000000000002,2.6568,2.6702,2.8388,2.7219333333333338,1.8513048305312443,0.7351391538670204,399051.8436207373,0.14591645608661222,1.849523985651178,0.736621434938189,399856.4627069368,0.14640413906159813
5.3753,2.6235,2.5502,3.4074,2.8603666666666663,2.6478,2.6616,2.8222,2.7105333333333337,1.8440461426164216,0.7349418408498983,400404.7362386005,0.14516067176237524,1.8422255175879318,0.736554068743128,401283.09646857274,0.14571007170712671
5.3948,2.5957,2.5181,3.3996,2.8377999999999997,2.6315,2.644,2.8071,2.6942,1.8372305774367224,0.7332231547547258,400917.5295869723,0.14422965538047286,1.8353050022760227,0.734952543076798,401863.13815004844,0.14482732487628303
5.4144,2.5732,2.4922,3.3975,2.820966666666667,2.6087,2.6189,2.7952,2.6742666666666666,1.831402166301644,0.7301145307879354,400668.1810419807,0.14319419046028653,1.8293148233103522,0.7319213328088218,401659.70778016275,0.14381439799955537
5.4339,2.5584,2.4751,3.3998,2.8110999999999997,2.5821,2.5896,2.7873,2.653,1.8270767854927354,0.7260231264129727,399857.84594575857,0.1421643835724537,1.8247952927174549,0.7278496110314396,400863.78388164984,0.1427757672734911
5.4535,2.552,2.4671,3.4053,2.8081333333333336,2.5547,2.5597,2.7839,2.6327666666666665,1.8244764292331241,0.7215129295403635,398807.17306304094,0.14124585313304877,1.8219938890487428,0.7232979213925343,399793.80479943735,0.14181917129918242
5.473,2.5536,2.4671,3.413,2.8112333333333335,2.5294,2.5323,2.7853,2.6156666666666664,1.8236120748543818,0.7171664145938306,397822.1101835181,0.1405265302814497,1.820943515307799,0.7188569157270766,398759.8544983804,0.14103981893870363
5.4925,2.5617,2.473,3.4221,2.8189333333333333,2.5084,2.5093,2.7918,2.6031666666666666,1.8242767734298044,0.7134790906131199,397186.83143283095,0.14005913237173917,1.8214479299068778,0.7150370536202018,398054.13420093403,0.14049941597135726
5.5121,2.5746,2.4828,3.4315,2.8296333333333337,2.4931,2.4913,2.8036,2.596,1.8261558981755095,0.7107826890884926,397097.77674136707,0.13986033489110528,1.8231966433534168,0.7121816538109723,397879.3458335304,0.1402210520311389
5.5316,2.5908,2.4947,3.44,2.841833333333333,2.4843,2.4782,2.8207,2.5944000000000003,1.8289082086475708,0.7092756180252728,397657.634104262,0.13992353716953754,1.8258492312968146,0.7104976706191101,398342.78178291646,0.1402025042766132
5.5512,2.6084,2.508,3.4467,2.854366666666667,2.4824,2.4698,2.8428,2.598333333333333,1.8322466996770992,0.7090566280706748,398943.43344616634,0.1402325443684561,1.8291187719455992,0.7100911538763749,399525.49877152353,0.14043082012613942
5.5707,2.6256,2.522,3.4509,2.8661666666666665,2.4878,2.4658,2.8693,2.6076333333333332,1.8358979452534263,0.710179272239824,400978.68661621894,0.14076590375064035,1.832730899386095,0.7110242100352983,401455.75214142515,0.14088781230237754
5.5903,2.6404,2.5359,3.4518,2.8760333333333334,2.5002,2.4666,2.8999,2.6222333333333334,1.8395698949004737,0.7127300084118859,403834.7475664786,0.14150527187979603,1.8363910393629137,0.7133904443841441,404208.95237193507,0.14155761990676152
5.6098,2.6509,2.5487,3.4485,2.8827,2.5187,2.4721,2.9345,2.641766666666667,1.8429325915891852,0.7167290542050256,407517.1717519143,0.14241981115761201,1.8397632385056515,0.7172124829931811,407792.03926473064,0.14240982673604163
5.6294,2.6552,2.559,3.4398,2.8846666666666665,2.5416,2.4821,2.9724,2.665366666666667,1.845561609669546,0.722101785359501,412006.4861003308,0.14345694011572094,1.8424177646443063,0.7224183575982238,412187.11135056225,0.1433924058010503
5.6489,2.6523,2.5657,3.4244,2.8808000000000002,2.5668,2.4956,3.0126,2.6916666666666664,1.8470784884795404,0.7286281236706855,417170.26220389426,0.1445497676120722,1.8439727923491682,0.7287854936474014,417260.36313785054,0.14443719463582153
5.6685,2.6423,2.568,3.4014,2.870566666666667,2.5915,2.5113,3.0527,2.7185,1.8471729930587855,0.7358541972558725,422769.3048921052,0.14560610716159084,1.8441189387721504,0.7358604728538758,422772.9104028375,0.1454517268490969
5.688,2.626,2.5657,3.3709,2.8542,2.6136,2.5275,3.0904,2.7438333333333333,1.8457216144289992,0.7432955522336933,428513.6368474811,0.14654826574513147,1.8427319687341466,0.7431593235381878,428435.10031705437,0.1463577509769244
5.7076,2.6055,2.5594,3.3344,2.8331,2.6315,2.5428,3.1234,2.7659000000000002,1.8428884955376272,0.7504252174500396,434114.6823708828,0.14731943114845716,1.8399756362194986,0.7501576857646425,433959.91753898514,0.14709833939413117
5.7271,2.5828,2.55,3.2941,2.8089666666666666,2.6445,2.5561,3.1505,2.7836999999999996,1.838969759076243,0.7568639957946662,439335.3388763121,0.14789454956949405,1.8361420688322694,0.7564777844595909,439111.15555048874,0.14764785568959185
5.7467,2.5602,2.5391,3.2524,2.7838999999999996,2.6532,2.5671,3.1716,2.7973,1.8344502911996734,0.7624354863741369,444084.0274878858,0.14829407091823724,1.8317152947870048,0.7619435824398995,443797.5157971824,0.1480261307509447
5.7662,2.5391,2.5277,3.2113,2.7593666666666667,2.6591,2.5761,3.1879,2.8077,1.8297575818921599,0.7672327820324006,448394.6045941053,0.14857118638833158,1.8271189979106583,0.7666477923837016,448052.71852202533,0.1482856896090119
5.7857,2.5196,2.5168,3.1714,2.7359333333333336,2.6642,2.5842,3.201,2.816466666666667,1.825169304507776,0.7715631255989785,452450.32043593866,0.148796807585205,1.8226320628325492,0.7708979077113147,452060.2317491581,0.14849751926802487
5.8053,2.5009,2.5061,3.1328,2.7132666666666663,2.67,2.5924,3.2126,2.8249999999999997,1.8207429088416258,0.7757822332526045,456465.56689050177,0.14902934297925896,1.8183076450403615,0.7750500361355503,456034.7465419737,0.14871998536742365
5.8248,2.4814,2.4949,3.0942,2.6901666666666664,2.6769,2.6013,3.2236,2.833933333333333,1.8162623517135652,0.7801552817134703,460580.55270132667,0.1492892375514483,1.813928749404531,0.7793679066942459,460115.70982960874,0.1489732364811992
5.8444,2.4595,2.4823,3.0544,2.6654,2.6842,2.611,3.234,2.8430666666666666,1.811422036984596,0.7847609802184502,464858.58784656087,0.1495614957227229,1.8091874470112057,0.783929312506802,464365.9437323152,0.14924200433529347
5.8639,2.4347,2.4675,3.0124,2.6382,2.6905,2.621,3.2427,2.8514000000000004,1.8059429292890414,0.7894490888265587,469195.90037150803,0.14979898079707696,1.8038051928756431,0.7885833091523611,468681.3386606796,0.14947888665351758
5.8835,2.4072,2.4503,2.9683,2.6086,2.6946,2.6304,3.2484,2.8577999999999997,1.79971427477218,0.7939593634555572,473453.7472036219,0.14995261041290928,1.7976703692580405,0.793069770511105,472923.2652514931,0.14963464788381023
5.903,2.378,2.4309,2.9233,2.5773999999999995,2.6953,2.6384,3.2502,2.8613,1.7928158852295675,0.7979904750881919,477434.73951130523,0.14998274438721082,1.7908592206579599,0.7970864307148938,476893.85311811307,0.14966893226726172
5.9226,2.3482,2.4096,2.8783,2.5453666666666663,2.6923,2.6447,3.2481,2.8617000000000004,1.7853959894653049,0.8014188496236709,481077.9822408615,0.14988257937460553,1.7835186627533741,0.800507203973489,480530.7370018531,0.14957395963636458
5.9421,2.3186,2.3869,2.8342,2.5132333333333334,2.686,2.6489,3.2428,2.8592333333333335,1.7776404459522486,0.8042215004288159,484349.8408433111,0.14966372929324323,1.775833004496483,0.8033051755406776,483797.9756998227,0.14936020832655764
5.9617,2.29,2.3631,2.7908,2.4813,2.6767,2.6509,3.2349,2.8541666666666665,1.7696392568635597,0.8064261276971448,487279.60419695487,0.149337114193972,1.7678958292082216,0.8055034116461243,486722.05689449905,0.14903748951218154
5.9812,2.2625,2.3384,2.7477,2.4495333333333336,2.6649,2.6505,3.2244,2.8466,1.7613880037256362,0.8080559178270078,489861.4518654652,0.14890475795814312,1.759706615857997,0.8071246526091967,489296.8981983186,0.14860802828504996
