formula,canonical_formula,S_stable,t,mu_oct,S_direct,Eg_ML,in_gap_window_040_160,in_stability_training,stability_matching_formula,in_direct_training,direct_matching_formula,in_gap_training,gap_matching_formula,any_training_overlap
K2AgInCl4Br2,Ag:1|Br:2|Cl:4|In:1|K:2,0.9096448538254784,0.87297,0.52419,0.9546380759223304,0.950098697068404,True,False,,False,,False,,False
Rb2CuSnCl6,Cl:6|Cu:1|Rb:2|Sn:1,0.9432913128666868,0.92964,0.48343,0.9352832004114414,0.7848631921824115,True,False,,False,,False,,False
Rb2LiTlCl3Br3,Br:3|Cl:3|Li:1|Rb:2|Tl:1,0.9976091489139076,0.9415,0.43634,0.999365005531078,0.9291674267100972,True,False,,False,,False,,False
Rb2NaTlCl3Br3,Br:3|Cl:3|Na:1|Rb:2|Tl:1,0.959517509473325,0.89837,0.50531,0.994372221925084,1.353235504885988,True,False,,False,,False,,False
Rb2AgInCl3Br3,Ag:1|Br:3|Cl:3|In:1|Rb:2,0.9309643409608614,0.8913,0.51724,0.949938097275045,0.768768403908798,True,False,,False,,False,,False
Rb2CuSnCl3Br3,Br:3|Cl:3|Cu:1|Rb:2|Sn:1,0.934518932820997,0.92359,0.46419,0.9276875077086456,0.7277752442996742,True,False,,False,,False,,False
Rb2LiTlCl2Br4,Br:4|Cl:2|Li:1|Rb:2|Tl:1,0.9950837086338572,0.93936,0.43063,0.9962780671202776,0.7848693811074894,True,False,,False,,False,,False
Rb2AgInCl2Br4,Ag:1|Br:4|Cl:2|In:1|Rb:2,0.9225608816534122,0.8897,0.51047,0.9510230061090624,0.5586508143322487,True,False,,False,,False,,False
Rb2CuSnCl2Br4,Br:4|Cl:2|Cu:1|Rb:2|Sn:1,0.934518932820997,0.92165,0.45812,0.924627570173046,0.6896384364820846,True,False,,False,,False,,False
Rb2LiTlCl4Br2,Br:2|Cl:4|Li:1|Rb:2|Tl:1,0.997546013300918,0.94369,0.4422,0.9916942414948812,1.1432491856677545,True,False,,False,,False,,False
Rb2NaTlCl4Br2,Br:2|Cl:4|Na:1|Rb:2|Tl:1,0.9636014040900605,0.90007,0.5121,0.9966478046881294,1.4659641693811012,True,False,,False,,False,,False
Rb2AgInCl4Br2,Ag:1|Br:2|Cl:4|In:1|Rb:2,0.9880631747291349,0.89292,0.52419,0.9516440639462824,0.9482241042345314,True,False,,False,,False,,False
Rb2CuSnCl4Br2,Br:2|Cl:4|Cu:1|Rb:2|Sn:1,0.9358733028485968,0.92557,0.47043,0.9322891884353935,0.7407801302931599,True,False,,False,,False,,False
Cs2GeSnCl6,Cl:6|Cs:2|Ge:1|Sn:1,0.9325324934337168,0.97178,0.48343,0.9910456818435108,0.8600000000000068,True,False,,True,Cs2GeSnCl6,True,Cs2GeSnCl6,True
Cs2CuSnCl6,Cl:6|Cs:2|Cu:1|Sn:1,0.965645753313426,0.97178,0.48343,0.9255799098789323,0.8179234527687314,True,False,,False,,False,,False
Cs2GeSnBr6,Br:6|Cs:2|Ge:1|Sn:1,0.9260325966733453,0.95777,0.44643,0.988602265521524,0.5645335504886004,True,False,,True,Cs2GeSnBr6,False,,True
Cs2CuSnBr6,Br:6|Cs:2|Cu:1|Sn:1,0.9673922503355744,0.95777,0.44643,0.9214761630827712,0.6116387622149836,True,False,,False,,False,,False
Cs2LiTlCl3Br3,Br:3|Cl:3|Cs:2|Li:1|Tl:1,0.9981736876444304,0.98329,0.43634,0.9989726032686284,0.928198697068402,True,False,,False,,False,,False
Cs2NaTlCl3Br3,Br:3|Cl:3|Cs:2|Na:1|Tl:1,0.9799842186154032,0.93824,0.50531,0.9939798196626344,1.4097589576547211,True,False,,False,,False,,False
Cs2KMnCl3Br3,Br:3|Cl:3|Cs:2|K:1|Mn:1,0.9003645606906129,0.91881,0.53714,0.937025653555968,1.379986644951141,True,False,,False,,False,,False
Cs2AgInCl3Br3,Ag:1|Br:3|Cl:3|Cs:2|In:1,0.9127580986617496,0.93086,0.51724,0.9435861047344436,0.8088384364820795,True,False,,False,,False,,False
Cs2GeSnCl3Br3,Br:3|Cl:3|Cs:2|Ge:1|Sn:1,0.9345406729790016,0.96459,0.46419,0.9894763481841676,0.723997068403912,True,False,,False,,False,,False
Cs2CuSnCl3Br3,Br:3|Cl:3|Cs:2|Cu:1|Sn:1,0.972332180430724,0.96459,0.46419,0.9277159413825898,0.732179153094463,True,False,,False,,False,,False
Cs2LiTlCl2Br4,Br:4|Cl:2|Cs:2|Li:1|Tl:1,0.9968496277177568,0.98076,0.43063,0.995885664857828,0.7802687296416927,True,False,,False,,False,,False
Cs2NaTlCl2Br4,Br:4|Cl:2|Cs:2|Na:1|Tl:1,0.9478011060019208,0.93622,0.49869,0.9939798196626344,1.2576042345276848,True,False,,False,,False,,False
Cs2KMnCl2Br4,Br:4|Cl:2|Cs:2|K:1|Mn:1,0.9071395936114648,0.917,0.5301,0.940019665532016,1.3788306188925092,True,False,,False,,False,,False
Cs2AgInCl2Br4,Ag:1|Br:4|Cl:2|Cs:2|In:1,0.919014432913638,0.92892,0.51047,0.9431333648839296,0.6008648208469024,True,False,,False,,False,,False
Cs2GeSnCl2Br4,Br:4|Cl:2|Cs:2|Ge:1|Sn:1,0.9345406729790016,0.96227,0.45812,0.988502170574498,0.6680934853420218,True,False,,False,,False,,False
Cs2CuSnCl2Br4,Br:4|Cl:2|Cs:2|Cu:1|Sn:1,0.972332180430724,0.96227,0.45812,0.92465600384699,0.6974,True,False,,False,,False,,False
Cs2LiTlCl4Br2,Br:2|Cl:4|Cs:2|Li:1|Tl:1,0.9981736876444304,0.98586,0.4422,0.9913018392324316,1.121826710097716,True,False,,False,,False,,False
Cs2NaTlCl4Br2,Br:2|Cl:4|Cs:2|Na:1|Tl:1,0.9799842186154032,0.94029,0.5121,0.9962554024256798,1.5307944625407148,True,False,,False,,False,,False
Cs2KMnCl4Br2,Br:2|Cl:4|Cs:2|K:1|Mn:1,0.9076342419449636,0.92065,0.54435,0.9395716492376436,1.3951462540716628,True,False,,False,,False,,False
Cs2AgInCl4Br2,Ag:1|Br:2|Cl:4|Cs:2|In:1,0.9808249783406802,0.93283,0.52419,0.948286083381729,0.9859390879478802,True,False,,False,,False,,False
Cs2GeSnCl4Br2,Br:2|Cl:4|Cs:2|Ge:1|Sn:1,0.9345406729790016,0.96694,0.47043,0.9954271882995656,0.7607631921824145,True,False,,False,,False,,False
Cs2CuSnCl4Br2,Br:2|Cl:4|Cs:2|Cu:1|Sn:1,0.972332180430724,0.96694,0.47043,0.9347384260935332,0.7552153094462549,True,False,,False,,False,,False
